scenario,model_count,replicate_id,number_of_comparisons,resolved_edges,unresolved_edges,incorrect_edges,graph_density,transitive_reduction_edges,transitive_reduction_correct,cycles,connected_components,FWER_event,samples_consumed,sample_cost_units,cost_per_certified_edge,CPU_seconds,memory_peak_platform_units,pairwise_matrix_materialized,synthetic_validation_only,not_real_generator_evidence,not_empirical_paper_evidence,claim_allowed
uniformly_spaced,2,0,1,0,1,0,0.0,0,True,0,2,False,128,128.0,128.0,0.0071515419986099005,41943040,False,True,True,True,False
uniformly_spaced,2,1,1,0,1,0,0.0,0,True,0,2,False,128,128.0,128.0,6.749999010935426e-05,41943040,False,True,True,True,False
uniformly_spaced,5,0,10,0,10,0,0.0,0,True,0,5,False,1280,1280.0,1280.0,0.00023499998496845365,41943040,False,True,True,True,False
uniformly_spaced,5,1,10,0,10,0,0.0,0,True,0,5,False,1280,1280.0,1280.0,0.00018666699179448187,41943040,False,True,True,True,False
uniformly_spaced,10,0,45,2,43,0,0.044444444444444446,2,True,0,8,False,5744,5744.0,2872.0,0.000674375012749806,41943040,False,True,True,True,False
uniformly_spaced,10,1,45,2,43,0,0.044444444444444446,2,True,0,8,False,5728,5728.0,2864.0,0.0006594580190721899,41943040,False,True,True,True,False
uniformly_spaced,20,0,190,67,123,0,0.3526315789473684,63,True,0,1,False,21344,21344.0,318.56716417910445,0.002696457988349721,41992192,False,True,True,True,False
uniformly_spaced,20,1,190,67,123,0,0.3526315789473684,64,True,0,1,False,21280,21280.0,317.6119402985075,0.0026636249967850745,41992192,False,True,True,True,False
uniformly_spaced,50,0,1225,855,370,0,0.6979591836734694,336,True,0,1,False,101024,101024.0,118.15672514619882,0.018834458984201774,42237952,False,True,True,True,False
uniformly_spaced,50,1,1225,848,377,0,0.6922448979591836,341,True,0,1,False,101280,101280.0,119.43396226415095,0.018689333024667576,42237952,False,True,True,True,False
uniformly_spaced,100,0,4950,4117,833,0,0.8317171717171717,841,True,0,1,False,336064,336064.0,81.62837017245567,0.10086720899562351,44138496,False,True,True,True,False
uniformly_spaced,100,1,4950,4120,830,0,0.8323232323232324,837,True,0,1,False,336032,336032.0,81.56116504854369,0.09705979100544937,44892160,False,True,True,True,False
many_near_ties,2,0,1,0,1,0,0.0,0,True,0,2,False,128,128.0,128.0,0.00017400001524947584,44892160,False,True,True,True,False
many_near_ties,2,1,1,0,1,0,0.0,0,True,0,2,False,128,128.0,128.0,4.991699825040996e-05,44892160,False,True,True,True,False
many_near_ties,5,0,10,0,10,0,0.0,0,True,0,5,False,1280,1280.0,1280.0,0.00017412498709745705,44892160,False,True,True,True,False
many_near_ties,5,1,10,0,10,0,0.0,0,True,0,5,False,1280,1280.0,1280.0,0.0001609169994480908,44892160,False,True,True,True,False
many_near_ties,10,0,45,0,45,0,0.0,0,True,0,10,False,5760,5760.0,5760.0,0.000633040996035561,44892160,False,True,True,True,False
many_near_ties,10,1,45,0,45,0,0.0,0,True,0,10,False,5760,5760.0,5760.0,0.0006225419929251075,44892160,False,True,True,True,False
many_near_ties,20,0,190,0,190,0,0.0,0,True,0,20,False,24320,24320.0,24320.0,0.0025195830094162375,44892160,False,True,True,True,False
many_near_ties,20,1,190,0,190,0,0.0,0,True,0,20,False,24320,24320.0,24320.0,0.0025015829887706786,44892160,False,True,True,True,False
many_near_ties,50,0,1225,0,1225,0,0.0,0,True,0,50,False,156800,156800.0,156800.0,0.015805707982508466,44892160,False,True,True,True,False
many_near_ties,50,1,1225,0,1225,0,0.0,0,True,0,50,False,156800,156800.0,156800.0,0.015800416993442923,44892160,False,True,True,True,False
many_near_ties,100,0,4950,10,4940,0,0.00202020202020202,10,True,0,90,False,633600,633600.0,63360.0,0.06441929101129062,44892160,False,True,True,True,False
many_near_ties,100,1,4950,19,4931,0,0.0038383838383838384,19,True,0,84,False,633552,633552.0,33344.84210526316,0.0641581249947194,44892160,False,True,True,True,False
clustered_quality_tiers,2,0,1,0,1,0,0.0,0,True,0,2,False,128,128.0,128.0,8.774999878369272e-05,44908544,False,True,True,True,False
clustered_quality_tiers,2,1,1,0,1,0,0.0,0,True,0,2,False,128,128.0,128.0,3.845800529234111e-05,44908544,False,True,True,True,False
clustered_quality_tiers,5,0,10,0,10,0,0.0,0,True,0,5,False,1280,1280.0,1280.0,0.00016508300905115902,44908544,False,True,True,True,False
clustered_quality_tiers,5,1,10,0,10,0,0.0,0,True,0,5,False,1280,1280.0,1280.0,0.0001588340091984719,44908544,False,True,True,True,False
clustered_quality_tiers,10,0,45,0,45,0,0.0,0,True,0,10,False,5760,5760.0,5760.0,0.000620749982772395,44908544,False,True,True,True,False
clustered_quality_tiers,10,1,45,0,45,0,0.0,0,True,0,10,False,5760,5760.0,5760.0,0.00062112498562783,44908544,False,True,True,True,False
clustered_quality_tiers,20,0,190,0,190,0,0.0,0,True,0,20,False,24320,24320.0,24320.0,0.0024955830012913793,44908544,False,True,True,True,False
clustered_quality_tiers,20,1,190,0,190,0,0.0,0,True,0,20,False,24320,24320.0,24320.0,0.0024980840098578483,44908544,False,True,True,True,False
clustered_quality_tiers,50,0,1225,21,1204,0,0.017142857142857144,21,True,0,41,False,156768,156768.0,7465.142857142857,0.015746209013741463,44908544,False,True,True,True,False
clustered_quality_tiers,50,1,1225,22,1203,0,0.017959183673469388,22,True,0,39,False,156768,156768.0,7125.818181818182,0.015906999993603677,44908544,False,True,True,True,False
clustered_quality_tiers,100,0,4950,1451,3499,0,0.29313131313131313,1414,True,0,1,False,580800,580800.0,400.27567195037904,0.07644541701301932,44924928,False,True,True,True,False
clustered_quality_tiers,100,1,4950,1442,3508,0,0.2913131313131313,1400,True,0,1,False,580928,580928.0,402.8626907073509,0.0707211249973625,44924928,False,True,True,True,False
heterogeneous_variance,2,0,1,0,1,0,0.0,0,True,0,2,False,128,128.0,128.0,8.841700037010014e-05,44924928,False,True,True,True,False
heterogeneous_variance,2,1,1,0,1,0,0.0,0,True,0,2,False,128,128.0,128.0,4.570800228975713e-05,44924928,False,True,True,True,False
heterogeneous_variance,5,0,10,0,10,0,0.0,0,True,0,5,False,1280,1280.0,1280.0,0.0001749589864630252,44924928,False,True,True,True,False
heterogeneous_variance,5,1,10,0,10,0,0.0,0,True,0,5,False,1280,1280.0,1280.0,0.00016774999676272273,44924928,False,True,True,True,False
heterogeneous_variance,10,0,45,0,45,0,0.0,0,True,0,10,False,5760,5760.0,5760.0,0.0006418330012820661,44924928,False,True,True,True,False
heterogeneous_variance,10,1,45,1,44,0,0.022222222222222223,1,True,0,9,False,5760,5760.0,5760.0,0.0006442080193664879,44924928,False,True,True,True,False
heterogeneous_variance,20,0,190,44,146,0,0.23157894736842105,43,True,0,2,False,22784,22784.0,517.8181818181819,0.002648834022693336,44924928,False,True,True,True,False
heterogeneous_variance,20,1,190,40,150,0,0.21052631578947367,40,True,0,1,False,22864,22864.0,571.6,0.002624541986733675,44924928,False,True,True,True,False
heterogeneous_variance,50,0,1225,736,489,0,0.6008163265306122,305,True,0,1,False,111616,111616.0,151.65217391304347,0.018346791999647394,44924928,False,True,True,True,False
heterogeneous_variance,50,1,1225,737,488,0,0.6016326530612245,320,True,0,1,False,111696,111696.0,151.55495251017638,0.018207125016488135,44924928,False,True,True,True,False
heterogeneous_variance,100,0,4950,3857,1093,0,0.7791919191919192,837,True,0,1,False,363328,363328.0,94.19963702359347,0.09174904201063327,44941312,False,True,True,True,False
heterogeneous_variance,100,1,4950,3860,1090,0,0.7797979797979798,828,True,0,1,False,363008,363008.0,94.04352331606218,0.09104425000259653,45105152,False,True,True,True,False
heterogeneous_sample_cost,2,0,1,0,1,0,0.0,0,True,0,2,False,128,256.0,256.0,0.00010062500950880349,45105152,False,True,True,True,False
heterogeneous_sample_cost,2,1,1,0,1,0,0.0,0,True,0,2,False,128,256.0,256.0,4.675000673159957e-05,45105152,False,True,True,True,False
heterogeneous_sample_cost,5,0,10,0,10,0,0.0,0,True,0,5,False,1280,3328.0,3328.0,0.00017287497757934034,45105152,False,True,True,True,False
heterogeneous_sample_cost,5,1,10,0,10,0,0.0,0,True,0,5,False,1280,3328.0,3328.0,0.00016420800238847733,45105152,False,True,True,True,False
heterogeneous_sample_cost,10,0,45,1,44,0,0.022222222222222223,1,True,0,9,False,5760,14592.0,14592.0,0.0006450829969253391,45105152,False,True,True,True,False
heterogeneous_sample_cost,10,1,45,1,44,0,0.022222222222222223,1,True,0,9,False,5744,14560.0,14560.0,0.0006397910183295608,45105152,False,True,True,True,False
heterogeneous_sample_cost,20,0,190,67,123,0,0.3526315789473684,64,True,0,1,False,21632,54592.0,814.8059701492538,0.0026181249995715916,45105152,False,True,True,True,False
heterogeneous_sample_cost,20,1,190,65,125,0,0.34210526315789475,63,True,0,1,False,21616,54576.0,839.6307692307693,0.002607917005661875,45105152,False,True,True,True,False
heterogeneous_sample_cost,50,0,1225,823,402,0,0.6718367346938775,355,True,0,1,False,102960,258960.0,314.65370595382745,0.0183070829953067,45105152,False,True,True,True,False
heterogeneous_sample_cost,50,1,1225,826,399,0,0.6742857142857143,347,True,0,1,False,103072,258864.0,313.39467312348665,0.018225125008029863,45105152,False,True,True,True,False
heterogeneous_sample_cost,100,0,4950,4076,874,0,0.8234343434343434,870,True,0,1,False,340272,853904.0,209.49558390579,0.09397945899399929,45924352,False,True,True,True,False
heterogeneous_sample_cost,100,1,4950,4070,880,0,0.8222222222222222,871,True,0,1,False,340336,854320.0,209.9066339066339,0.09703433301183395,46219264,False,True,True,True,False
shared_reference_dependence,2,0,1,0,1,0,0.0,0,True,0,2,False,128,128.0,128.0,0.00017416602349840105,46235648,False,True,True,True,False
shared_reference_dependence,2,1,1,0,1,0,0.0,0,True,0,2,False,128,128.0,128.0,5.670799873769283e-05,46235648,False,True,True,True,False
shared_reference_dependence,5,0,10,0,10,0,0.0,0,True,0,5,False,1280,1280.0,1280.0,0.00021075000404380262,46235648,False,True,True,True,False
shared_reference_dependence,5,1,10,0,10,0,0.0,0,True,0,5,False,1280,1280.0,1280.0,0.00020754101569764316,46235648,False,True,True,True,False
shared_reference_dependence,10,0,45,0,45,0,0.0,0,True,0,10,False,5760,5760.0,5760.0,0.0008277909946627915,46235648,False,True,True,True,False
shared_reference_dependence,10,1,45,0,45,0,0.0,0,True,0,10,False,5760,5760.0,5760.0,0.000873790995683521,46235648,False,True,True,True,False
shared_reference_dependence,20,0,190,0,190,0,0.0,0,True,0,20,False,24320,24320.0,24320.0,0.003352583007654175,46235648,False,True,True,True,False
shared_reference_dependence,20,1,190,0,190,0,0.0,0,True,0,20,False,24320,24320.0,24320.0,0.0032339580066036433,46235648,False,True,True,True,False
shared_reference_dependence,50,0,1225,327,898,0,0.26693877551020406,321,True,0,1,False,144480,144480.0,441.8348623853211,0.021367874986026436,46235648,False,True,True,True,False
shared_reference_dependence,50,1,1225,373,852,0,0.30448979591836733,358,True,0,1,False,142320,142320.0,381.5549597855228,0.021441917022457346,46235648,False,True,True,True,False
shared_reference_dependence,100,0,4950,2909,2041,0,0.5876767676767677,1478,True,0,1,False,466976,466976.0,160.52801650051563,0.09853012498933822,46235648,False,True,True,True,False
shared_reference_dependence,100,1,4950,2802,2148,0,0.566060606060606,1510,True,0,1,False,471552,471552.0,168.29122055674517,0.09786637502838857,46235648,False,True,True,True,False
representation_specific_ordering,2,0,1,0,1,0,0.0,0,True,0,2,False,128,128.0,128.0,8.175001130439341e-05,46235648,False,True,True,True,False
representation_specific_ordering,2,1,1,0,1,0,0.0,0,True,0,2,False,128,128.0,128.0,4.2082974687218666e-05,46235648,False,True,True,True,False
representation_specific_ordering,5,0,10,0,10,0,0.0,0,True,0,5,False,1280,1280.0,1280.0,0.00017008298891596496,46235648,False,True,True,True,False
representation_specific_ordering,5,1,10,0,10,0,0.0,0,True,0,5,False,1280,1280.0,1280.0,0.00016304198652505875,46235648,False,True,True,True,False
representation_specific_ordering,10,0,45,0,45,0,0.0,0,True,0,10,False,5760,5760.0,5760.0,0.0006371249910444021,46235648,False,True,True,True,False
representation_specific_ordering,10,1,45,0,45,0,0.0,0,True,0,10,False,5760,5760.0,5760.0,0.0006291660247370601,46235648,False,True,True,True,False
representation_specific_ordering,20,0,190,0,190,0,0.0,0,True,0,20,False,24320,24320.0,24320.0,0.002555332990596071,46235648,False,True,True,True,False
representation_specific_ordering,20,1,190,0,190,0,0.0,0,True,0,20,False,24320,24320.0,24320.0,0.0025768339983187616,46235648,False,True,True,True,False
representation_specific_ordering,50,0,1225,0,1225,0,0.0,0,True,0,50,False,156800,156800.0,156800.0,0.016212416987400502,46235648,False,True,True,True,False
representation_specific_ordering,50,1,1225,0,1225,0,0.0,0,True,0,50,False,156800,156800.0,156800.0,0.016197332995943725,46235648,False,True,True,True,False
representation_specific_ordering,100,0,4950,19,4931,0,0.0038383838383838384,19,True,0,85,False,633584,633584.0,33346.52631578947,0.06523820897564292,46252032,False,True,True,True,False
representation_specific_ordering,100,1,4950,12,4938,0,0.0024242424242424242,12,True,0,88,False,633552,633552.0,52796.0,0.06501954200211912,46252032,False,True,True,True,False
representation_conflicts,2,0,1,0,1,0,0.0,0,True,0,2,False,128,128.0,128.0,4.387501394376159e-05,46252032,False,True,True,True,False
representation_conflicts,2,1,1,0,1,0,0.0,0,True,0,2,False,128,128.0,128.0,3.645799006335437e-05,46252032,False,True,True,True,False
representation_conflicts,5,0,10,0,10,0,0.0,0,True,0,5,False,1280,1280.0,1280.0,0.00016783300088718534,46252032,False,True,True,True,False
representation_conflicts,5,1,10,0,10,0,0.0,0,True,0,5,False,1280,1280.0,1280.0,0.00016299998969770968,46252032,False,True,True,True,False
representation_conflicts,10,0,45,0,45,0,0.0,0,True,0,10,False,5760,5760.0,5760.0,0.0006322499830275774,46252032,False,True,True,True,False
representation_conflicts,10,1,45,0,45,0,0.0,0,True,0,10,False,5760,5760.0,5760.0,0.0006321670080069453,46252032,False,True,True,True,False
representation_conflicts,20,0,190,0,190,0,0.0,0,True,0,20,False,24320,24320.0,24320.0,0.002559707994805649,46252032,False,True,True,True,False
representation_conflicts,20,1,190,0,190,0,0.0,0,True,0,20,False,24320,24320.0,24320.0,0.002545583003666252,46252032,False,True,True,True,False
representation_conflicts,50,0,1225,0,1225,0,0.0,0,True,0,50,False,156800,156800.0,156800.0,0.016083249996881932,46252032,False,True,True,True,False
representation_conflicts,50,1,1225,0,1225,0,0.0,0,True,0,50,False,156800,156800.0,156800.0,0.015708541992353275,46252032,False,True,True,True,False
representation_conflicts,100,0,4950,16,4934,0,0.0032323232323232323,16,True,0,87,False,633568,633568.0,39598.0,0.06355912500293925,46252032,False,True,True,True,False
representation_conflicts,100,1,4950,14,4936,0,0.0028282828282828283,14,True,0,87,False,633584,633584.0,45256.0,0.06316979101393372,46252032,False,True,True,True,False
partial_incomparability,2,0,1,0,1,0,0.0,0,True,0,2,False,128,128.0,128.0,4.762501339428127e-05,46252032,False,True,True,True,False
partial_incomparability,2,1,1,0,1,0,0.0,0,True,0,2,False,128,128.0,128.0,3.7416990380734205e-05,46252032,False,True,True,True,False
partial_incomparability,5,0,10,0,10,0,0.0,0,True,0,5,False,1280,1280.0,1280.0,0.00016545801190659404,46252032,False,True,True,True,False
partial_incomparability,5,1,10,0,10,0,0.0,0,True,0,5,False,1280,1280.0,1280.0,0.00015841698041185737,46252032,False,True,True,True,False
partial_incomparability,10,0,45,0,45,0,0.0,0,True,0,10,False,5760,5760.0,5760.0,0.0006235830078367144,46252032,False,True,True,True,False
partial_incomparability,10,1,45,0,45,0,0.0,0,True,0,10,False,5760,5760.0,5760.0,0.0006179579941090196,46252032,False,True,True,True,False
partial_incomparability,20,0,190,0,190,0,0.0,0,True,0,20,False,24320,24320.0,24320.0,0.0024939159920904785,46252032,False,True,True,True,False
partial_incomparability,20,1,190,0,190,0,0.0,0,True,0,20,False,24320,24320.0,24320.0,0.0024962910101749003,46252032,False,True,True,True,False
partial_incomparability,50,0,1225,16,1209,0,0.013061224489795919,16,True,0,40,False,156784,156784.0,9799.0,0.015773167018778622,46252032,False,True,True,True,False
partial_incomparability,50,1,1225,20,1205,0,0.0163265306122449,20,True,0,39,False,156752,156752.0,7837.6,0.015728333994047716,46252032,False,True,True,True,False
partial_incomparability,100,0,4950,1460,3490,0,0.29494949494949496,1414,True,0,1,False,580960,580960.0,397.9178082191781,0.06973562500206754,46252032,False,True,True,True,False
partial_incomparability,100,1,4950,1449,3501,0,0.2927272727272727,1412,True,0,1,False,580912,580912.0,400.9054520358868,0.07085187500342727,46284800,False,True,True,True,False
adversarial_local_cycles,2,0,1,0,1,0,0.0,0,True,0,2,False,128,128.0,128.0,9.258298086933792e-05,46284800,False,True,True,True,False
adversarial_local_cycles,2,1,1,0,1,0,0.0,0,True,0,2,False,128,128.0,128.0,4.2208004742860794e-05,46284800,False,True,True,True,False
adversarial_local_cycles,5,0,10,0,10,0,0.0,0,True,0,5,False,1280,1280.0,1280.0,0.0001696250110398978,46284800,False,True,True,True,False
adversarial_local_cycles,5,1,10,0,10,0,0.0,0,True,0,5,False,1280,1280.0,1280.0,0.00016029199468903244,46284800,False,True,True,True,False
adversarial_local_cycles,10,0,45,0,45,0,0.0,0,True,0,10,False,5760,5760.0,5760.0,0.0006323749839793891,46284800,False,True,True,True,False
adversarial_local_cycles,10,1,45,0,45,0,0.0,0,True,0,10,False,5760,5760.0,5760.0,0.0006266669952310622,46284800,False,True,True,True,False
adversarial_local_cycles,20,0,190,0,190,0,0.0,0,True,0,20,False,24320,24320.0,24320.0,0.0025214169872924685,46284800,False,True,True,True,False
adversarial_local_cycles,20,1,190,0,190,0,0.0,0,True,0,20,False,24320,24320.0,24320.0,0.002515125001082197,46284800,False,True,True,True,False
adversarial_local_cycles,50,0,1225,0,1225,0,0.0,0,True,0,50,False,156800,156800.0,156800.0,0.0158554169756826,46284800,False,True,True,True,False
adversarial_local_cycles,50,1,1225,0,1225,0,0.0,0,True,0,50,False,156800,156800.0,156800.0,0.015911208000034094,46284800,False,True,True,True,False
adversarial_local_cycles,100,0,4950,19,4931,0,0.0038383838383838384,19,True,0,84,False,633584,633584.0,33346.52631578947,0.0639063749986235,46284800,False,True,True,True,False
adversarial_local_cycles,100,1,4950,18,4932,0,0.0036363636363636364,18,True,0,86,False,633552,633552.0,35197.333333333336,0.06386299998848699,46284800,False,True,True,True,False
mixed_easy_hard_edges,2,0,1,0,1,0,0.0,0,True,0,2,False,128,128.0,128.0,4.325000918470323e-05,46284800,False,True,True,True,False
mixed_easy_hard_edges,2,1,1,0,1,0,0.0,0,True,0,2,False,128,128.0,128.0,3.6582991015166044e-05,46284800,False,True,True,True,False
mixed_easy_hard_edges,5,0,10,0,10,0,0.0,0,True,0,5,False,1280,1280.0,1280.0,0.00016583301476202905,46284800,False,True,True,True,False
mixed_easy_hard_edges,5,1,10,0,10,0,0.0,0,True,0,5,False,1280,1280.0,1280.0,0.0001622500130906701,46284800,False,True,True,True,False
mixed_easy_hard_edges,10,0,45,0,45,0,0.0,0,True,0,10,False,5760,5760.0,5760.0,0.0006242500094231218,46284800,False,True,True,True,False
mixed_easy_hard_edges,10,1,45,1,44,0,0.022222222222222223,1,True,0,9,False,5744,5744.0,5744.0,0.0006261249945964664,46284800,False,True,True,True,False
mixed_easy_hard_edges,20,0,190,32,158,0,0.16842105263157894,32,True,0,2,False,22928,22928.0,716.5,0.002560875000199303,46284800,False,True,True,True,False
mixed_easy_hard_edges,20,1,190,31,159,0,0.1631578947368421,31,True,0,2,False,22992,22992.0,741.6774193548387,0.002649541012942791,46301184,False,True,True,True,False
mixed_easy_hard_edges,50,0,1225,414,811,0,0.3379591836734694,186,True,0,2,False,129872,129872.0,313.7004830917874,0.016989999974612147,46301184,False,True,True,True,False
mixed_easy_hard_edges,50,1,1225,415,810,0,0.33877551020408164,181,True,0,2,False,130016,130016.0,313.2915662650602,0.01684745802776888,46301184,False,True,True,True,False
mixed_easy_hard_edges,100,0,4950,2054,2896,0,0.41494949494949496,443,True,0,2,False,486896,486896.0,237.047711781889,0.07308741702581756,46301184,False,True,True,True,False
mixed_easy_hard_edges,100,1,4950,2042,2908,0,0.4125252525252525,451,True,0,2,False,486912,486912.0,238.44857982370226,0.07391824998194352,46301184,False,True,True,True,False
difficult_covariance,2,0,1,0,1,0,0.0,0,True,0,2,False,128,128.0,128.0,0.00010375000420026481,46301184,False,True,True,True,False
difficult_covariance,2,1,1,0,1,0,0.0,0,True,0,2,False,128,128.0,128.0,4.429102409631014e-05,46301184,False,True,True,True,False
difficult_covariance,5,0,10,0,10,0,0.0,0,True,0,5,False,1280,1280.0,1280.0,0.0001718329731374979,46301184,False,True,True,True,False
difficult_covariance,5,1,10,0,10,0,0.0,0,True,0,5,False,1280,1280.0,1280.0,0.00016158301150426269,46301184,False,True,True,True,False
difficult_covariance,10,0,45,0,45,0,0.0,0,True,0,10,False,5760,5760.0,5760.0,0.000627999979769811,46301184,False,True,True,True,False
difficult_covariance,10,1,45,0,45,0,0.0,0,True,0,10,False,5760,5760.0,5760.0,0.0006229999999050051,46301184,False,True,True,True,False
difficult_covariance,20,0,190,0,190,0,0.0,0,True,0,20,False,24320,24320.0,24320.0,0.002515500003937632,46301184,False,True,True,True,False
difficult_covariance,20,1,190,0,190,0,0.0,0,True,0,20,False,24320,24320.0,24320.0,0.0024999160086736083,46301184,False,True,True,True,False
difficult_covariance,50,0,1225,366,859,0,0.2987755102040816,354,True,0,1,False,142320,142320.0,388.8524590163934,0.016818000003695488,46301184,False,True,True,True,False
difficult_covariance,50,1,1225,366,859,0,0.2987755102040816,346,True,0,1,False,142320,142320.0,388.8524590163934,0.01669662501080893,46301184,False,True,True,True,False
difficult_covariance,100,0,4950,2910,2040,0,0.5878787878787879,1468,True,0,1,False,461136,461136.0,158.4659793814433,0.07987962497281842,46301184,False,True,True,True,False
difficult_covariance,100,1,4950,2896,2054,0,0.585050505050505,1463,True,0,1,False,461776,461776.0,159.45303867403314,0.08081583399325609,46301184,False,True,True,True,False
