sequence,phase,command,cwd,start_utc,end_utc,duration_seconds,exit_code,status,stdout_log,stderr_log,artifacts_created,artifacts_reused,blocker,claim_allowed
1,baseline_fetch,git fetch origin main,.,2026-08-12T14:15:48.974206Z,2026-08-12T14:15:49.804185Z,0.829442,0,PASS,reports/icml2027/remaining_closure/command_logs/0001_baseline_fetch.stdout.log,reports/icml2027/remaining_closure/command_logs/0001_baseline_fetch.stderr.log,,,,False
2,baseline_freeze,python3 scripts/icml2027/build_remaining_closure_baseline.py,.,2026-08-12T14:15:49.883077Z,2026-08-12T14:15:50.042986Z,0.159480,0,PASS,reports/icml2027/remaining_closure/command_logs/0002_baseline_freeze.stdout.log,reports/icml2027/remaining_closure/command_logs/0002_baseline_freeze.stderr.log,"reports/icml2027/remaining_closure/CERTGEN_REMAINING_CLOSURE_BASELINE.md,reports/icml2027/remaining_closure/CERTGEN_REMAINING_CLOSURE_BASELINE.json",,,False
3,baseline_compileall,python3 -m compileall -q certgen scripts tests,.,2026-08-12T14:16:03.000699Z,2026-08-12T14:16:03.129267Z,0.128255,0,PASS,reports/icml2027/remaining_closure/command_logs/0003_baseline_compileall.stdout.log,reports/icml2027/remaining_closure/command_logs/0003_baseline_compileall.stderr.log,,,,False
4,baseline_imports,python3 -c 'import certgen; import certgen.icml2027; import certgen.icml2027.notebook_runtime; import certgen.icml2027.production_mmd; import certgen.metrics.streams',.,2026-08-12T14:16:03.210168Z,2026-08-12T14:16:03.375524Z,0.164995,0,PASS,reports/icml2027/remaining_closure/command_logs/0004_baseline_imports.stdout.log,reports/icml2027/remaining_closure/command_logs/0004_baseline_imports.stderr.log,,,,False
5,baseline_default_pytest,python3 -m pytest -q,.,2026-08-12T14:16:03.456814Z,2026-08-12T14:16:24.125340Z,20.668249,0,PASS,reports/icml2027/remaining_closure/command_logs/0005_baseline_default_pytest.stdout.log,reports/icml2027/remaining_closure/command_logs/0005_baseline_default_pytest.stderr.log,,,,False
6,baseline_full_marker_pytest,python3 -m pytest -q -m 'integration_audit or not integration_audit',.,2026-08-12T14:16:29.345267Z,2026-08-12T14:18:08.905257Z,99.558400,0,PASS,reports/icml2027/remaining_closure/command_logs/0006_baseline_full_marker_pytest.stdout.log,reports/icml2027/remaining_closure/command_logs/0006_baseline_full_marker_pytest.stderr.log,,,,False
7,baseline_historical_wrappers,python3 -m pytest -q -o addopts= tests/test_v2_audit.py::test_v2_audit_runs_and_writes_outputs tests/test_v3_docs_and_audit.py::test_v3_final_audit_runs tests/test_v4_audit.py::test_v4_final_audit_runs tests/test_v5_audit.py::test_v5_final_audit_runs,.,2026-08-12T14:18:13.829083Z,2026-08-12T14:19:35.766780Z,81.936898,0,PASS,reports/icml2027/remaining_closure/command_logs/0007_baseline_historical_wrappers.stdout.log,reports/icml2027/remaining_closure/command_logs/0007_baseline_historical_wrappers.stderr.log,,,,False
8,baseline_bootstrap_security,python3 -m pytest -q -o addopts= tests/test_final_execution_path_seal.py tests/test_universal_kaggle_discovery.py,.,2026-08-12T14:19:55.588202Z,2026-08-12T14:20:01.603645Z,6.014977,0,PASS,reports/icml2027/remaining_closure/command_logs/0008_baseline_bootstrap_security.stdout.log,reports/icml2027/remaining_closure/command_logs/0008_baseline_bootstrap_security.stderr.log,,,,False
9,baseline_diagnostic_bundle,python3 -m certgen kaggle validate-input artifacts/cvpr/kaggle_inputs/diagnostic/certgen_kaggle_environment_diagnostic_input.zip --json,.,2026-08-12T14:20:01.691925Z,2026-08-12T14:20:01.852187Z,0.159792,0,PASS,reports/icml2027/remaining_closure/command_logs/0009_baseline_diagnostic_bundle.stdout.log,reports/icml2027/remaining_closure/command_logs/0009_baseline_diagnostic_bundle.stderr.log,,,,False
10,baseline_preflight_bundle,python3 -m certgen kaggle validate-input artifacts/cvpr/kaggle_inputs/preflight/certgen_cvpr_preflight_input.zip --json,.,2026-08-12T14:20:01.937927Z,2026-08-12T14:20:02.110568Z,0.172189,0,PASS,reports/icml2027/remaining_closure/command_logs/0010_baseline_preflight_bundle.stdout.log,reports/icml2027/remaining_closure/command_logs/0010_baseline_preflight_bundle.stderr.log,,,,False
11,baseline_provenance,python3 -m certgen provenance verify --study artifacts/cvpr/study/cifar_integrity_minimal.yaml,.,2026-08-12T14:20:02.196160Z,2026-08-12T14:20:02.329881Z,0.133273,0,PASS,reports/icml2027/remaining_closure/command_logs/0011_baseline_provenance.stdout.log,reports/icml2027/remaining_closure/command_logs/0011_baseline_provenance.stderr.log,,,,False
12,baseline_replay,python3 -m certgen replay verify --study artifacts/cvpr/study/cifar_integrity_minimal.yaml,.,2026-08-12T14:20:02.415513Z,2026-08-12T14:20:02.546613Z,0.130658,0,PASS,reports/icml2027/remaining_closure/command_logs/0012_baseline_replay.stdout.log,reports/icml2027/remaining_closure/command_logs/0012_baseline_replay.stderr.log,,,,False
13,baseline_release,python3 -m certgen.cli.run_release_safety_scan,.,2026-08-12T14:20:02.631973Z,2026-08-12T14:20:02.756853Z,0.124490,0,PASS,reports/icml2027/remaining_closure/command_logs/0013_baseline_release.stdout.log,reports/icml2027/remaining_closure/command_logs/0013_baseline_release.stderr.log,,,,False
14,baseline_privacy,"python3 -c 'from certgen.release.privacy_scan import scan_privacy; issues=scan_privacy(); print({'""'""'passed'""'""':not issues,'""'""'issues'""'""':issues}); raise SystemExit(bool(issues))'",.,2026-08-12T14:20:02.842015Z,2026-08-12T14:20:02.901717Z,0.059261,0,PASS,reports/icml2027/remaining_closure/command_logs/0014_baseline_privacy.stdout.log,reports/icml2027/remaining_closure/command_logs/0014_baseline_privacy.stderr.log,,,,False
15,baseline_secrets,"python3 -c 'from scripts.generate_execution_reports import secret_scan; findings=secret_scan(); print({'""'""'passed'""'""':not findings,'""'""'findings'""'""':findings}); raise SystemExit(bool(findings))'",.,2026-08-12T14:20:03.010231Z,2026-08-12T14:20:03.252471Z,0.241800,0,PASS,reports/icml2027/remaining_closure/command_logs/0015_baseline_secrets.stdout.log,reports/icml2027/remaining_closure/command_logs/0015_baseline_secrets.stderr.log,,,,False
16,baseline_restricted_assets,"python3 -c 'from scripts.generate_execution_reports import large_file_audit; rows,blockers=large_file_audit(); restricted=[r for r in rows if r['""'""'classification'""'""']=='""'""'restricted_model_asset'""'""' and r['""'""'tracked'""'""']=='""'""'true'""'""']; print({'""'""'passed'""'""':not blockers and not restricted,'""'""'blockers'""'""':blockers,'""'""'restricted'""'""':restricted}); raise SystemExit(bool(blockers or restricted))'",.,2026-08-12T14:20:03.337955Z,2026-08-12T14:20:03.986150Z,0.647742,0,PASS,reports/icml2027/remaining_closure/command_logs/0016_baseline_restricted_assets.stdout.log,reports/icml2027/remaining_closure/command_logs/0016_baseline_restricted_assets.stderr.log,,,,False
17,baseline_ruff,python3 -m ruff check certgen scripts tests,.,2026-08-12T14:20:04.072045Z,2026-08-12T14:20:04.132109Z,0.059703,0,PASS,reports/icml2027/remaining_closure/command_logs/0017_baseline_ruff.stdout.log,reports/icml2027/remaining_closure/command_logs/0017_baseline_ruff.stderr.log,,,,False
18,baseline_changed_mypy,python3 -m mypy --follow-imports=skip certgen/icml2027 certgen/generation/generate_cifar10_diffusers.py certgen/features/extract.py scripts/icml2027 tests/icml2027,.,2026-08-12T14:20:04.238226Z,2026-08-12T14:20:04.849264Z,0.610630,0,PASS,reports/icml2027/remaining_closure/command_logs/0018_baseline_changed_mypy.stdout.log,reports/icml2027/remaining_closure/command_logs/0018_baseline_changed_mypy.stderr.log,,,,False
19,baseline_full_mypy,python3 -m mypy certgen scripts,.,2026-08-12T14:20:04.939369Z,2026-08-12T14:20:20.056286Z,15.116298,1,EXPECTED_BOUNDARY,reports/icml2027/remaining_closure/command_logs/0019_baseline_full_mypy.stdout.log,reports/icml2027/remaining_closure/command_logs/0019_baseline_full_mypy.stderr.log,,,,False
20,baseline_notebook_determinism,python3 -m certgen icml2027 notebooks check-determinism --root notebooks/kaggle/icml2027,.,2026-08-12T14:20:20.169338Z,2026-08-12T14:20:20.325460Z,0.155665,0,PASS,reports/icml2027/remaining_closure/command_logs/0020_baseline_notebook_determinism.stdout.log,reports/icml2027/remaining_closure/command_logs/0020_baseline_notebook_determinism.stderr.log,,,,False
21,baseline_diff_check,git diff --check,.,2026-08-12T14:20:20.410485Z,2026-08-12T14:20:20.443597Z,0.032780,0,PASS,reports/icml2027/remaining_closure/command_logs/0021_baseline_diff_check.stdout.log,reports/icml2027/remaining_closure/command_logs/0021_baseline_diff_check.stderr.log,,,,False
22,tier_a_remaining_science,python3 scripts/icml2027/run_remaining_closure_science.py,.,2026-08-12T14:39:35.025671Z,2026-08-12T14:39:44.852892Z,9.826439,0,PASS,reports/icml2027/remaining_closure/command_logs/0022_tier_a_remaining_science.stdout.log,reports/icml2027/remaining_closure/command_logs/0022_tier_a_remaining_science.stderr.log,"reports/icml2027/power/RESOLUTION_EFFECT_MAP.csv,reports/icml2027/power/TRUE_ALTERNATIVE_POWER_V2.json,reports/icml2027/power/VARIANCE_REDUCTION.csv,reports/icml2027/power/KERNEL_POWER_AUDIT.csv,reports/icml2027/remaining_closure/CPU_RESEARCH_SUMMARY.json",,,False
23,cpu_science_relative_paths,python3 scripts/icml2027/run_remaining_closure_science.py,.,2026-08-12T14:42:15.940139Z,2026-08-12T14:42:25.419844Z,9.478888,0,PASS,reports/icml2027/remaining_closure/command_logs/0023_cpu_science_relative_paths.stdout.log,reports/icml2027/remaining_closure/command_logs/0023_cpu_science_relative_paths.stderr.log,reports/icml2027/power/*;reports/icml2027/remaining_closure/CPU_RESEARCH_SUMMARY.json,,,False
24,expanded_multi_model_stress,python3 -m certgen icml2027 multi-model run --config configs/icml2027/multi_model_hard_stress.yaml --out-dir reports/icml2027/multi_model_hard_stress,.,2026-08-12T14:42:25.518539Z,2026-08-12T14:42:28.540804Z,3.021580,0,PASS,reports/icml2027/remaining_closure/command_logs/0024_expanded_multi_model_stress.stdout.log,reports/icml2027/remaining_closure/command_logs/0024_expanded_multi_model_stress.stderr.log,reports/icml2027/multi_model_hard_stress/*,,,False
25,expanded_adaptive_policy_study,python3 -m certgen icml2027 adaptive run --config configs/icml2027/adaptive_allocation.yaml --out reports/icml2027/adaptive/ADAPTIVE_ALLOCATION_COMPARISON.csv,.,2026-08-12T14:42:28.623271Z,2026-08-12T14:42:32.754849Z,4.130998,0,PASS,reports/icml2027/remaining_closure/command_logs/0025_expanded_adaptive_policy_study.stdout.log,reports/icml2027/remaining_closure/command_logs/0025_expanded_adaptive_policy_study.stderr.log,reports/icml2027/adaptive/*,,,False
26,c2st_highdim_benchmark_replay,python3 -m certgen icml2027 audit c2st --out-dir reports/icml2027/baselines --seed 20270812,.,2026-08-12T14:42:32.834474Z,2026-08-12T14:42:35.853805Z,3.018803,0,PASS,reports/icml2027/remaining_closure/command_logs/0026_c2st_highdim_benchmark_replay.stdout.log,reports/icml2027/remaining_closure/command_logs/0026_c2st_highdim_benchmark_replay.stderr.log,,reports/icml2027/baselines/C2ST_HIGH_DIMENSION*,,False
27,regenerate_icml_notebooks,python3 -m certgen icml2027 notebooks generate --root notebooks/kaggle/icml2027,.,2026-08-12T14:42:42.324032Z,2026-08-12T14:42:42.494547Z,0.170006,0,PASS,reports/icml2027/remaining_closure/command_logs/0027_regenerate_icml_notebooks.stdout.log,reports/icml2027/remaining_closure/command_logs/0027_regenerate_icml_notebooks.stderr.log,notebooks/kaggle/icml2027/*.ipynb,,,False
28,notebook_determinism_after_bootstrap,python3 -m certgen icml2027 notebooks check-determinism --root notebooks/kaggle/icml2027,.,2026-08-12T14:42:42.575516Z,2026-08-12T14:42:42.712048Z,0.135881,0,PASS,reports/icml2027/remaining_closure/command_logs/0028_notebook_determinism_after_bootstrap.stdout.log,reports/icml2027/remaining_closure/command_logs/0028_notebook_determinism_after_bootstrap.stderr.log,,notebooks/kaggle/icml2027/*.ipynb,,False
29,full_pytest_after_repairs,python3 -m pytest -q -m '',.,2026-08-12T14:42:49.919659Z,2026-08-12T14:44:44.898617Z,114.977170,0,PASS,reports/icml2027/remaining_closure/command_logs/0029_full_pytest_after_repairs.stdout.log,reports/icml2027/remaining_closure/command_logs/0029_full_pytest_after_repairs.stderr.log,,tests/*,,False
30,ruff_after_repairs,python3 -m ruff check certgen scripts tests,.,2026-08-12T14:45:00.422699Z,2026-08-12T14:45:00.485183Z,0.062116,1,FAIL,reports/icml2027/remaining_closure/command_logs/0030_ruff_after_repairs.stdout.log,reports/icml2027/remaining_closure/command_logs/0030_ruff_after_repairs.stderr.log,,,,False
31,ruff_after_unused_import_fix,python3 -m ruff check certgen scripts tests,.,2026-08-12T14:45:09.077229Z,2026-08-12T14:45:09.152068Z,0.074392,0,PASS,reports/icml2027/remaining_closure/command_logs/0031_ruff_after_unused_import_fix.stdout.log,reports/icml2027/remaining_closure/command_logs/0031_ruff_after_unused_import_fix.stderr.log,,,,False
32,changed_scope_mypy_after_repairs,python3 -m mypy --follow-imports=skip certgen/icml2027 certgen/generation/generate_cifar10_diffusers.py certgen/features/extract.py scripts/icml2027 tests/icml2027,.,2026-08-12T14:45:09.235522Z,2026-08-12T14:45:10.779135Z,1.543127,1,FAIL,reports/icml2027/remaining_closure/command_logs/0032_changed_scope_mypy_after_repairs.stdout.log,reports/icml2027/remaining_closure/command_logs/0032_changed_scope_mypy_after_repairs.stderr.log,,,,False
33,changed_scope_mypy_after_test_typing_fix,python3 -m mypy --follow-imports=skip certgen/icml2027 certgen/generation/generate_cifar10_diffusers.py certgen/features/extract.py scripts/icml2027 tests/icml2027,.,2026-08-12T14:45:29.591028Z,2026-08-12T14:45:29.934169Z,0.342512,0,PASS,reports/icml2027/remaining_closure/command_logs/0033_changed_scope_mypy_after_test_typing_fix.stdout.log,reports/icml2027/remaining_closure/command_logs/0033_changed_scope_mypy_after_test_typing_fix.stderr.log,,,,False
34,ruff_after_test_typing_fix,python3 -m ruff check certgen scripts tests,.,2026-08-12T14:45:30.020075Z,2026-08-12T14:45:30.086546Z,0.066023,0,PASS,reports/icml2027/remaining_closure/command_logs/0034_ruff_after_test_typing_fix.stdout.log,reports/icml2027/remaining_closure/command_logs/0034_ruff_after_test_typing_fix.stderr.log,,,,False
35,diff_check_after_repairs,git diff --check,.,2026-08-12T14:45:30.168409Z,2026-08-12T14:45:30.193595Z,0.024784,0,PASS,reports/icml2027/remaining_closure/command_logs/0035_diff_check_after_repairs.stdout.log,reports/icml2027/remaining_closure/command_logs/0035_diff_check_after_repairs.stderr.log,,,,False
36,corrected_path_cpu_rehearsals,python3 -m pytest -q tests/icml2027/test_remaining_closure.py tests/icml2027/test_final_closure.py tests/icml2027/test_notebook_stress.py tests/icml2027/test_r1_execution_contract_upgrades.py,.,2026-08-12T14:45:58.304754Z,2026-08-12T14:45:58.795102Z,0.489917,4,FAIL,reports/icml2027/remaining_closure/command_logs/0036_corrected_path_cpu_rehearsals.stdout.log,reports/icml2027/remaining_closure/command_logs/0036_corrected_path_cpu_rehearsals.stderr.log,,tests/icml2027/test_remaining_closure.py;artifacts/icml2027/final_closure_fixture/FULL_REHEARSAL_SUMMARY.json,,False
37,corrected_path_cpu_rehearsals_pass,python3 -m pytest -q tests/icml2027/test_remaining_closure.py tests/icml2027/test_final_closure.py tests/icml2027/test_notebooks_kaggle_stress.py,.,2026-08-12T14:46:16.359068Z,2026-08-12T14:46:20.587313Z,4.227362,0,PASS,reports/icml2027/remaining_closure/command_logs/0037_corrected_path_cpu_rehearsals_pass.stdout.log,reports/icml2027/remaining_closure/command_logs/0037_corrected_path_cpu_rehearsals_pass.stderr.log,,tests/icml2027/test_remaining_closure.py;artifacts/icml2027/final_closure_fixture/FULL_REHEARSAL_SUMMARY.json,,False
38,aggregate_actual_provenance_rehearsal,python3 -m pytest -q tests/icml2027/test_remaining_closure.py,.,2026-08-12T14:49:07.201314Z,2026-08-12T14:49:09.195974Z,1.993201,1,FAIL,reports/icml2027/remaining_closure/command_logs/0038_aggregate_actual_provenance_rehearsal.stdout.log,reports/icml2027/remaining_closure/command_logs/0038_aggregate_actual_provenance_rehearsal.stderr.log,,tests/icml2027/test_remaining_closure.py,,False
39,aggregate_actual_provenance_rehearsal_pass,python3 -m pytest -q tests/icml2027/test_remaining_closure.py,.,2026-08-12T14:49:32.245273Z,2026-08-12T14:49:34.821784Z,2.574927,1,FAIL,reports/icml2027/remaining_closure/command_logs/0039_aggregate_actual_provenance_rehearsal_pass.stdout.log,reports/icml2027/remaining_closure/command_logs/0039_aggregate_actual_provenance_rehearsal_pass.stderr.log,,tests/icml2027/test_remaining_closure.py,,False
40,aggregate_actual_provenance_rehearsal_final,python3 -m pytest -q tests/icml2027/test_remaining_closure.py,.,2026-08-12T14:49:52.294312Z,2026-08-12T14:49:53.591025Z,1.295949,0,PASS,reports/icml2027/remaining_closure/command_logs/0040_aggregate_actual_provenance_rehearsal_final.stdout.log,reports/icml2027/remaining_closure/command_logs/0040_aggregate_actual_provenance_rehearsal_final.stderr.log,,tests/icml2027/test_remaining_closure.py,,False
41,complete_remaining_closure_focused_tests,python3 -m pytest -q tests/icml2027/test_remaining_closure.py tests/icml2027/test_final_closure.py tests/icml2027/test_notebooks_kaggle_stress.py,.,2026-08-12T14:51:18.258336Z,2026-08-12T14:51:22.121735Z,3.861781,0,PASS,reports/icml2027/remaining_closure/command_logs/0041_complete_remaining_closure_focused_tests.stdout.log,reports/icml2027/remaining_closure/command_logs/0041_complete_remaining_closure_focused_tests.stderr.log,,tests/icml2027/test_remaining_closure.py;registry/icml2027/sharper_boundary_candidates.json,,False
42,final_compileall,python3 -m compileall -q certgen scripts tests,.,2026-08-12T14:59:12.848360Z,2026-08-12T14:59:13.055793Z,0.206550,0,PASS,reports/icml2027/remaining_closure/command_logs/0042_final_compileall.stdout.log,reports/icml2027/remaining_closure/command_logs/0042_final_compileall.stderr.log,,,,False
43,final_import_smoke,"python3 -c 'import certgen; import certgen.icml2027.execution_contract; import certgen.icml2027.feature_provenance; import certgen.icml2027.notebook_runtime; print(""imports-ok"")'",.,2026-08-12T14:59:13.234331Z,2026-08-12T14:59:13.448668Z,0.213334,0,PASS,reports/icml2027/remaining_closure/command_logs/0043_final_import_smoke.stdout.log,reports/icml2027/remaining_closure/command_logs/0043_final_import_smoke.stderr.log,,,,False
44,final_marker_inclusive_pytest,python3 -m pytest -q -m '',.,2026-08-12T14:59:13.633817Z,2026-08-12T15:02:29.086709Z,195.449771,0,PASS,reports/icml2027/remaining_closure/command_logs/0044_final_marker_inclusive_pytest.stdout.log,reports/icml2027/remaining_closure/command_logs/0044_final_marker_inclusive_pytest.stderr.log,,tests/*,,False
45,final_historical_wrappers,python3 -m pytest -q -o addopts= tests/test_v2_audit.py::test_v2_audit_runs_and_writes_outputs tests/test_v3_docs_and_audit.py::test_v3_final_audit_runs tests/test_v4_audit.py::test_v4_final_audit_runs tests/test_v5_audit.py::test_v5_final_audit_runs,.,2026-08-12T15:02:36.381943Z,2026-08-12T15:05:23.340568Z,166.954810,0,PASS,reports/icml2027/remaining_closure/command_logs/0045_final_historical_wrappers.stdout.log,reports/icml2027/remaining_closure/command_logs/0045_final_historical_wrappers.stderr.log,,tests/test_v2_audit.py;tests/test_v3_docs_and_audit.py;tests/test_v4_audit.py;tests/test_v5_audit.py,,False
46,final_icml_focused_suites,python3 -m pytest -q -o addopts= tests/icml2027 tests/test_final_execution_path_seal.py tests/test_universal_kaggle_discovery.py,.,2026-08-12T15:05:28.319117Z,2026-08-12T15:05:47.248576Z,18.927547,0,PASS,reports/icml2027/remaining_closure/command_logs/0046_final_icml_focused_suites.stdout.log,reports/icml2027/remaining_closure/command_logs/0046_final_icml_focused_suites.stderr.log,,tests/icml2027/*;tests/test_final_execution_path_seal.py;tests/test_universal_kaggle_discovery.py,,False
47,final_notebook_regeneration,python3 -m certgen icml2027 notebooks generate --root notebooks/kaggle/icml2027,.,2026-08-12T15:05:56.499902Z,2026-08-12T15:05:56.773763Z,0.272854,0,PASS,reports/icml2027/remaining_closure/command_logs/0047_final_notebook_regeneration.stdout.log,reports/icml2027/remaining_closure/command_logs/0047_final_notebook_regeneration.stderr.log,notebooks/kaggle/icml2027/*.ipynb,,,False
48,final_notebook_determinism,python3 -m certgen icml2027 notebooks check-determinism --root notebooks/kaggle/icml2027,.,2026-08-12T15:05:56.939424Z,2026-08-12T15:05:57.189944Z,0.249698,0,PASS,reports/icml2027/remaining_closure/command_logs/0048_final_notebook_determinism.stdout.log,reports/icml2027/remaining_closure/command_logs/0048_final_notebook_determinism.stderr.log,,,,False
49,final_diagnostic_bundle,python3 -m certgen kaggle validate-input artifacts/cvpr/kaggle_inputs/diagnostic/certgen_kaggle_environment_diagnostic_input.zip --json,.,2026-08-12T15:05:57.347787Z,2026-08-12T15:05:57.664954Z,0.316298,0,PASS,reports/icml2027/remaining_closure/command_logs/0049_final_diagnostic_bundle.stdout.log,reports/icml2027/remaining_closure/command_logs/0049_final_diagnostic_bundle.stderr.log,,,,False
50,final_preflight_bundle,python3 -m certgen kaggle validate-input artifacts/cvpr/kaggle_inputs/preflight/certgen_cvpr_preflight_input.zip --json,.,2026-08-12T15:05:57.815391Z,2026-08-12T15:05:58.146139Z,0.329930,0,PASS,reports/icml2027/remaining_closure/command_logs/0050_final_preflight_bundle.stdout.log,reports/icml2027/remaining_closure/command_logs/0050_final_preflight_bundle.stderr.log,,,,False
51,final_provenance,python3 -m certgen provenance verify --study artifacts/cvpr/study/cifar_integrity_minimal.yaml,.,2026-08-12T15:05:58.303599Z,2026-08-12T15:05:58.573958Z,0.269622,0,PASS,reports/icml2027/remaining_closure/command_logs/0051_final_provenance.stdout.log,reports/icml2027/remaining_closure/command_logs/0051_final_provenance.stderr.log,,,,False
52,final_replay,python3 -m certgen replay verify --study artifacts/cvpr/study/cifar_integrity_minimal.yaml,.,2026-08-12T15:05:58.727828Z,2026-08-12T15:05:58.990796Z,0.262063,0,PASS,reports/icml2027/remaining_closure/command_logs/0052_final_replay.stdout.log,reports/icml2027/remaining_closure/command_logs/0052_final_replay.stderr.log,,,,False
53,finalize_remaining_closure_reports,python3 scripts/icml2027/finalize_remaining_closure.py,.,2026-08-12T15:06:07.301803Z,2026-08-12T15:06:07.427147Z,0.124605,0,PASS,reports/icml2027/remaining_closure/command_logs/0053_finalize_remaining_closure_reports.stdout.log,reports/icml2027/remaining_closure/command_logs/0053_finalize_remaining_closure_reports.stderr.log,reports/icml2027/remaining_closure/*.md;reports/icml2027/CERTGEN_ICML2027_CURRENT_STATE_V3.json,,,False
54,final_release_safety,python3 -m certgen.cli.run_release_safety_scan,.,2026-08-12T15:07:08.353207Z,2026-08-12T15:07:08.648954Z,0.294287,0,PASS,reports/icml2027/remaining_closure/command_logs/0054_final_release_safety.stdout.log,reports/icml2027/remaining_closure/command_logs/0054_final_release_safety.stderr.log,,,,False
55,final_privacy,"python3 -c 'from certgen.release.privacy_scan import scan_privacy; issues=scan_privacy(); print({""passed"":not issues,""issues"":issues}); raise SystemExit(bool(issues))'",.,2026-08-12T15:07:08.818408Z,2026-08-12T15:07:08.963497Z,0.143633,0,PASS,reports/icml2027/remaining_closure/command_logs/0055_final_privacy.stdout.log,reports/icml2027/remaining_closure/command_logs/0055_final_privacy.stderr.log,,,,False
56,final_secrets,"python3 -c 'from scripts.generate_execution_reports import secret_scan; findings=secret_scan(); print({""passed"":not findings,""findings"":findings}); raise SystemExit(bool(findings))'",.,2026-08-12T15:07:09.126907Z,2026-08-12T15:07:09.552510Z,0.424359,0,PASS,reports/icml2027/remaining_closure/command_logs/0056_final_secrets.stdout.log,reports/icml2027/remaining_closure/command_logs/0056_final_secrets.stderr.log,,,,False
57,final_restricted_assets,"python3 -c 'from scripts.generate_execution_reports import large_file_audit; rows,blockers=large_file_audit(); restricted=[r for r in rows if r[""classification""]==""restricted_model_asset"" and r[""tracked""]==""true""]; print({""passed"":not blockers and not restricted,""blockers"":blockers,""restricted"":restricted}); raise SystemExit(bool(blockers or restricted))'",.,2026-08-12T15:07:09.777720Z,2026-08-12T15:07:11.270569Z,1.489744,0,PASS,reports/icml2027/remaining_closure/command_logs/0057_final_restricted_assets.stdout.log,reports/icml2027/remaining_closure/command_logs/0057_final_restricted_assets.stderr.log,,,,False
58,final_ruff,python3 -m ruff check certgen scripts tests,.,2026-08-12T15:07:28.407675Z,2026-08-12T15:07:28.522326Z,0.114134,0,PASS,reports/icml2027/remaining_closure/command_logs/0058_final_ruff.stdout.log,reports/icml2027/remaining_closure/command_logs/0058_final_ruff.stderr.log,,,,False
59,final_changed_scope_mypy,python3 -m mypy --follow-imports=skip certgen/icml2027 certgen/generation/generate_cifar10_diffusers.py certgen/features/extract.py scripts/icml2027 tests/icml2027,.,2026-08-12T15:07:28.629364Z,2026-08-12T15:07:29.142419Z,0.512380,0,PASS,reports/icml2027/remaining_closure/command_logs/0059_final_changed_scope_mypy.stdout.log,reports/icml2027/remaining_closure/command_logs/0059_final_changed_scope_mypy.stderr.log,,,,False
60,final_full_mypy_debt,python3 -m mypy certgen scripts,.,2026-08-12T15:07:29.267304Z,2026-08-12T15:07:56.444407Z,27.176016,1,EXPECTED_BOUNDARY,reports/icml2027/remaining_closure/command_logs/0060_final_full_mypy_debt.stdout.log,reports/icml2027/remaining_closure/command_logs/0060_final_full_mypy_debt.stderr.log,,,,False
61,final_full_mypy_debt_nonincrease,python3 -m mypy certgen scripts,.,2026-08-12T15:08:21.850418Z,2026-08-12T15:08:25.208706Z,3.357337,1,EXPECTED_BOUNDARY,reports/icml2027/remaining_closure/command_logs/0061_final_full_mypy_debt_nonincrease.stdout.log,reports/icml2027/remaining_closure/command_logs/0061_final_full_mypy_debt_nonincrease.stderr.log,,,,False
62,refresh_final_reports_after_all_checks,python3 scripts/icml2027/finalize_remaining_closure.py,.,2026-08-12T15:08:48.670033Z,2026-08-12T15:08:48.819740Z,0.148863,0,PASS,reports/icml2027/remaining_closure/command_logs/0062_refresh_final_reports_after_all_checks.stdout.log,reports/icml2027/remaining_closure/command_logs/0062_refresh_final_reports_after_all_checks.stderr.log,reports/icml2027/remaining_closure/*.md;reports/icml2027/CERTGEN_ICML2027_CURRENT_STATE_V3.json,,,False
63,post_report_default_pytest,python3 -m pytest -q,.,2026-08-12T15:08:48.989610Z,2026-08-12T15:09:27.737026Z,38.745918,0,PASS,reports/icml2027/remaining_closure/command_logs/0063_post_report_default_pytest.stdout.log,reports/icml2027/remaining_closure/command_logs/0063_post_report_default_pytest.stderr.log,,tests/*,,False
64,direct_two_pass_builder_bootstrap,python3 -m pytest -q tests/icml2027/test_remaining_closure.py,.,2026-08-12T15:10:12.439188Z,2026-08-12T15:10:14.047409Z,1.607265,1,FAIL,reports/icml2027/remaining_closure/command_logs/0064_direct_two_pass_builder_bootstrap.stdout.log,reports/icml2027/remaining_closure/command_logs/0064_direct_two_pass_builder_bootstrap.stderr.log,,tests/icml2027/test_remaining_closure.py,,False
65,direct_two_pass_builder_bootstrap_pass,python3 -m pytest -q tests/icml2027/test_remaining_closure.py,.,2026-08-12T15:10:51.994290Z,2026-08-12T15:10:59.585559Z,7.588920,1,FAIL,reports/icml2027/remaining_closure/command_logs/0065_direct_two_pass_builder_bootstrap_pass.stdout.log,reports/icml2027/remaining_closure/command_logs/0065_direct_two_pass_builder_bootstrap_pass.stderr.log,,tests/icml2027/test_remaining_closure.py,,False
66,direct_two_pass_builder_bootstrap_final,python3 -m pytest -q tests/icml2027/test_remaining_closure.py,.,2026-08-12T15:11:12.698952Z,2026-08-12T15:11:18.548206Z,5.848564,0,PASS,reports/icml2027/remaining_closure/command_logs/0066_direct_two_pass_builder_bootstrap_final.stdout.log,reports/icml2027/remaining_closure/command_logs/0066_direct_two_pass_builder_bootstrap_final.stderr.log,,tests/icml2027/test_remaining_closure.py,,False
67,final_report_refresh_exact_snapshot,python3 scripts/icml2027/finalize_remaining_closure.py,.,2026-08-12T15:11:30.659168Z,2026-08-12T15:11:30.779343Z,0.119234,0,PASS,reports/icml2027/remaining_closure/command_logs/0067_final_report_refresh_exact_snapshot.stdout.log,reports/icml2027/remaining_closure/command_logs/0067_final_report_refresh_exact_snapshot.stderr.log,reports/icml2027/remaining_closure/*.md;reports/icml2027/CERTGEN_ICML2027_CURRENT_STATE_V3.json,,,False
68,final_post_report_default_suite_exact_snapshot,python3 -m pytest -q,.,2026-08-12T15:11:30.946631Z,2026-08-12T15:12:23.919400Z,52.970822,0,PASS,reports/icml2027/remaining_closure/command_logs/0068_final_post_report_default_suite_exact_snapshot.stdout.log,reports/icml2027/remaining_closure/command_logs/0068_final_post_report_default_suite_exact_snapshot.stderr.log,,tests/*,,False
