sequence,phase,command,cwd,start_utc,end_utc,duration_seconds,exit_code,stdout_log,stderr_log,status,artifacts_created,artifacts_reused,blocker
1,baseline,git branch --show-current; git rev-parse HEAD; git status --short,.,2026-07-20T18:33:26.716107Z,2026-07-20T18:33:26.716107Z,0.0,0,reports/CERTGEN_PHASE1_BASELINE.md,,PASS,reports/CERTGEN_PHASE1_BASELINE.md;reports/CERTGEN_PHASE1_COMMAND_LEDGER.csv,,
2,discovery,python3 -m certgen --help,.,2026-07-20T18:33:59.815917Z,2026-07-20T18:33:59.955369Z,0.139378,0,reports/phase1_command_logs/0002_discovery.stdout.log,reports/phase1_command_logs/0002_discovery.stderr.log,PASS,scripts/phase1_command_runner.py,,
3,discovery,"sed -n 240,900p certgen/__main__.py",.,2026-07-20T18:34:05.590479Z,2026-07-20T18:34:05.594194Z,0.003657,0,reports/phase1_command_logs/0003_discovery.stdout.log,reports/phase1_command_logs/0003_discovery.stderr.log,PASS,,,
4,discovery,"sed -n 900,1120p certgen/__main__.py",.,2026-07-20T18:34:09.349789Z,2026-07-20T18:34:09.352418Z,0.002560,0,reports/phase1_command_logs/0004_discovery.stdout.log,reports/phase1_command_logs/0004_discovery.stderr.log,PASS,,,
5,discovery,rg --files notebooks/kaggle requirements artifacts/cvpr,.,2026-07-20T18:34:13.627445Z,2026-07-20T18:34:13.639194Z,0.011679,2,reports/phase1_command_logs/0005_discovery.stdout.log,reports/phase1_command_logs/0005_discovery.stderr.log,FAIL,,,
6,discovery,"sed -n 1,360p certgen/notebooks/cvpr_factory.py",.,2026-07-20T18:34:18.669308Z,2026-07-20T18:34:18.672145Z,0.002779,0,reports/phase1_command_logs/0006_discovery.stdout.log,reports/phase1_command_logs/0006_discovery.stderr.log,PASS,,,
7,discovery,rg -n 'kaggle|notebook|T4|dependency|asset' tests/test_final_100_percent_pre_run.py tests/test_final_run_ready_closure.py tests/test_final_runtime_hardening.py tests/test_v7_notebook_quality.py tests/test_v6_cpu_kaggle_packaging.py tests/test_v9_execution_supercharger.py,.,2026-07-20T18:34:24.938051Z,2026-07-20T18:34:24.945178Z,0.007076,0,reports/phase1_command_logs/0007_discovery.stdout.log,reports/phase1_command_logs/0007_discovery.stderr.log,PASS,,,
8,discovery,"sed -n 1,360p scripts/build_cvpr_preexecution_assets.py",.,2026-07-20T18:34:31.176190Z,2026-07-20T18:34:31.180170Z,0.003927,0,reports/phase1_command_logs/0008_discovery.stdout.log,reports/phase1_command_logs/0008_discovery.stderr.log,PASS,,,
9,discovery,python3 -m certgen readiness --help,.,2026-07-20T18:34:46.891865Z,2026-07-20T18:34:47.008513Z,0.116707,0,reports/phase1_command_logs/0009_discovery.stdout.log,reports/phase1_command_logs/0009_discovery.stderr.log,PASS,,,
10,discovery,python3 -m certgen next-action --help,.,2026-07-20T18:34:47.099139Z,2026-07-20T18:34:47.209244Z,0.110159,0,reports/phase1_command_logs/0010_discovery.stdout.log,reports/phase1_command_logs/0010_discovery.stderr.log,PASS,,,
11,discovery,python3 -m certgen doctor --help,.,2026-07-20T18:34:47.297734Z,2026-07-20T18:34:47.408436Z,0.110746,0,reports/phase1_command_logs/0011_discovery.stdout.log,reports/phase1_command_logs/0011_discovery.stderr.log,PASS,,,
12,discovery,python3 -m certgen kaggle --help,.,2026-07-20T18:34:47.496348Z,2026-07-20T18:34:47.607119Z,0.110829,2,reports/phase1_command_logs/0012_discovery.stdout.log,reports/phase1_command_logs/0012_discovery.stderr.log,EXPECTED_BOUNDARY,,,
13,discovery,python3 -m certgen notebooks --help,.,2026-07-20T18:34:47.695798Z,2026-07-20T18:34:47.806549Z,0.110804,2,reports/phase1_command_logs/0013_discovery.stdout.log,reports/phase1_command_logs/0013_discovery.stderr.log,EXPECTED_BOUNDARY,,,
14,discovery,python3 -m certgen audit --help,.,2026-07-20T18:34:47.895687Z,2026-07-20T18:34:48.007943Z,0.112316,0,reports/phase1_command_logs/0014_discovery.stdout.log,reports/phase1_command_logs/0014_discovery.stderr.log,PASS,,,
15,discovery,"sed -n 1,360p certgen/cvpr/package.py",.,2026-07-20T18:34:54.325607Z,2026-07-20T18:34:54.328892Z,0.003236,0,reports/phase1_command_logs/0015_discovery.stdout.log,reports/phase1_command_logs/0015_discovery.stderr.log,PASS,,,
16,discovery,"sed -n 1,360p certgen/notebooks/cvpr_static_analyzer.py",.,2026-07-20T18:34:54.438688Z,2026-07-20T18:34:54.441591Z,0.002852,0,reports/phase1_command_logs/0016_discovery.stdout.log,reports/phase1_command_logs/0016_discovery.stderr.log,PASS,,,
17,discovery,"sed -n 1,360p certgen/notebooks/environment_bootstrap.py",.,2026-07-20T18:34:54.552004Z,2026-07-20T18:34:54.555245Z,0.003182,0,reports/phase1_command_logs/0017_discovery.stdout.log,reports/phase1_command_logs/0017_discovery.stderr.log,PASS,,,
18,discovery,"sed -n 1,360p certgen/notebooks/final_zip.py",.,2026-07-20T18:34:54.666559Z,2026-07-20T18:34:54.669121Z,0.002511,0,reports/phase1_command_logs/0018_discovery.stdout.log,reports/phase1_command_logs/0018_discovery.stderr.log,PASS,,,
19,discovery,"sed -n 1,360p certgen/max_ceiling/contracts.py",.,2026-07-20T18:34:54.780138Z,2026-07-20T18:34:54.783981Z,0.003796,0,reports/phase1_command_logs/0019_discovery.stdout.log,reports/phase1_command_logs/0019_discovery.stderr.log,PASS,,,
20,discovery,"sed -n 1,360p certgen/audit/final_pre_run_audit.py",.,2026-07-20T18:34:54.896611Z,2026-07-20T18:34:54.899586Z,0.002923,0,reports/phase1_command_logs/0020_discovery.stdout.log,reports/phase1_command_logs/0020_discovery.stderr.log,PASS,,,
21,discovery,"sed -n 1,360p certgen/max_ceiling/audit.py",.,2026-07-20T18:34:55.012095Z,2026-07-20T18:34:55.015164Z,0.003017,0,reports/phase1_command_logs/0021_discovery.stdout.log,reports/phase1_command_logs/0021_discovery.stderr.log,PASS,,,
22,baseline_checks,python3 -m compileall -q certgen scripts tests,.,2026-07-20T18:35:06.565877Z,2026-07-20T18:35:06.677051Z,0.111148,0,reports/phase1_command_logs/0022_baseline_checks.stdout.log,reports/phase1_command_logs/0022_baseline_checks.stderr.log,PASS,,,
23,baseline_checks,"python3 -c 'import certgen; import certgen.__main__; import certgen.cvpr; import certgen.notebooks.cvpr_factory; print(""imports_ok"")'",.,2026-07-20T18:35:06.764713Z,2026-07-20T18:35:06.871615Z,0.106875,0,reports/phase1_command_logs/0023_baseline_checks.stdout.log,reports/phase1_command_logs/0023_baseline_checks.stderr.log,PASS,,,
24,baseline_checks,python3 -m pytest -q,.,2026-07-20T18:35:06.960767Z,2026-07-20T18:35:16.704175Z,9.745440,0,reports/phase1_command_logs/0024_baseline_checks.stdout.log,reports/phase1_command_logs/0024_baseline_checks.stderr.log,PASS,,,
25,discovery,"sed -n 1,340p certgen/notebooks/cvpr_static_analyzer.py",.,2026-07-20T18:35:24.000370Z,2026-07-20T18:35:24.002627Z,0.002202,0,reports/phase1_command_logs/0025_discovery.stdout.log,reports/phase1_command_logs/0025_discovery.stderr.log,PASS,,,
26,discovery,"sed -n 1,420p certgen/cvpr/prepare.py",.,2026-07-20T18:35:42.681958Z,2026-07-20T18:35:42.684334Z,0.002312,0,reports/phase1_command_logs/0026_discovery.stdout.log,reports/phase1_command_logs/0026_discovery.stderr.log,PASS,,,
27,discovery,rg -n 'license:|redistribution_allowed|public_archive_included|private_mount|required|expected_preprocessing|model_id:|feature_space_id:' registry/cvpr/model_registry.yaml registry/cvpr/feature_space_registry.yaml configs/cvpr/profiles/cifar_integrity_minimal.yaml,.,2026-07-20T18:35:47.427724Z,2026-07-20T18:35:47.433984Z,0.006209,0,reports/phase1_command_logs/0027_discovery.stdout.log,reports/phase1_command_logs/0027_discovery.stderr.log,PASS,,,
28,discovery,"sed -n 1,240p configs/cvpr/profiles/cifar_integrity_minimal.yaml",.,2026-07-20T18:35:51.278246Z,2026-07-20T18:35:51.280527Z,0.002224,0,reports/phase1_command_logs/0028_discovery.stdout.log,reports/phase1_command_logs/0028_discovery.stderr.log,PASS,,,
29,discovery,"sed -n 170,230p tests/test_final_runtime_hardening.py",.,2026-07-20T18:36:38.158924Z,2026-07-20T18:36:38.161212Z,0.002232,0,reports/phase1_command_logs/0029_discovery.stdout.log,reports/phase1_command_logs/0029_discovery.stderr.log,PASS,,,
30,discovery,rg -n 'write_canonical_notebooks|NOTEBOOK_SPECS|analyze_all' tests,.,2026-07-20T18:36:42.941324Z,2026-07-20T18:36:42.947515Z,0.006110,0,reports/phase1_command_logs/0030_discovery.stdout.log,reports/phase1_command_logs/0030_discovery.stderr.log,PASS,,,
31,discovery,"sed -n 1,420p certgen/notebooks/environment_bootstrap.py",.,2026-07-20T18:36:52.304608Z,2026-07-20T18:36:52.306913Z,0.002253,0,reports/phase1_command_logs/0031_discovery.stdout.log,reports/phase1_command_logs/0031_discovery.stderr.log,PASS,,,
32,discovery,rg -n 'def run_builder_faithful_synthetic|stages\[|stages\.append|rehearsal_status|def rehearse_failures|cases =' certgen/cvpr/builder_faithful.py certgen/max_ceiling/contracts.py,.,2026-07-20T18:37:26.262430Z,2026-07-20T18:37:26.268614Z,0.006135,0,reports/phase1_command_logs/0032_discovery.stdout.log,reports/phase1_command_logs/0032_discovery.stderr.log,PASS,,,
33,discovery,"sed -n 378,590p certgen/cvpr/builder_faithful.py",.,2026-07-20T18:37:31.032628Z,2026-07-20T18:37:31.034943Z,0.002259,0,reports/phase1_command_logs/0033_discovery.stdout.log,reports/phase1_command_logs/0033_discovery.stderr.log,PASS,,,
34,discovery,"sed -n 477,650p certgen/max_ceiling/contracts.py",.,2026-07-20T18:37:35.434326Z,2026-07-20T18:37:35.436581Z,0.002203,0,reports/phase1_command_logs/0034_discovery.stdout.log,reports/phase1_command_logs/0034_discovery.stderr.log,PASS,,,
35,discovery,rg -n 'FAILURE_CASES|zero_gpu|one_gpu|zip_traversal|missing_seed|duplicate_seed|partial_zip|asset' certgen/max_ceiling/contracts.py,.,2026-07-20T18:37:42.523372Z,2026-07-20T18:37:42.526974Z,0.003541,0,reports/phase1_command_logs/0035_discovery.stdout.log,reports/phase1_command_logs/0035_discovery.stderr.log,PASS,,,
36,discovery,"sed -n 410,480p certgen/max_ceiling/contracts.py",.,2026-07-20T18:37:46.390183Z,2026-07-20T18:37:46.392638Z,0.002399,0,reports/phase1_command_logs/0036_discovery.stdout.log,reports/phase1_command_logs/0036_discovery.stderr.log,PASS,,,
37,discovery,rg -n 'def load_frozen_configuration|def verify_input_integrity|def copyback_instructions' certgen/notebooks/kaggle_io.py,.,2026-07-20T18:38:56.209617Z,2026-07-20T18:38:56.219440Z,0.009748,0,reports/phase1_command_logs/0037_discovery.stdout.log,reports/phase1_command_logs/0037_discovery.stderr.log,PASS,,,
38,discovery,"sed -n 1,300p certgen/notebooks/subprocess_orchestrator.py",.,2026-07-20T18:39:01.340608Z,2026-07-20T18:39:01.343877Z,0.003218,0,reports/phase1_command_logs/0038_discovery.stdout.log,reports/phase1_command_logs/0038_discovery.stderr.log,PASS,,,
39,discovery,"sed -n 1,220p certgen/notebooks/worker_contract.py",.,2026-07-20T18:39:05.734396Z,2026-07-20T18:39:05.737391Z,0.002945,0,reports/phase1_command_logs/0039_discovery.stdout.log,reports/phase1_command_logs/0039_discovery.stderr.log,PASS,,,
40,discovery,"sed -n 1,300p certgen/notebooks/final_zip.py",.,2026-07-20T18:39:20.555989Z,2026-07-20T18:39:20.558885Z,0.002839,0,reports/phase1_command_logs/0040_discovery.stdout.log,reports/phase1_command_logs/0040_discovery.stderr.log,PASS,,,
41,implementation_check,python3 -m compileall -q certgen/notebooks/worker_contract.py certgen/notebooks/workers/diagnostic_worker.py certgen/notebooks/final_zip.py,.,2026-07-20T18:40:09.837635Z,2026-07-20T18:40:09.893818Z,0.056133,0,reports/phase1_command_logs/0041_implementation_check.stdout.log,reports/phase1_command_logs/0041_implementation_check.stderr.log,PASS,,,
42,implementation_check,"sed -n 24,72p certgen/notebooks/worker_contract.py",.,2026-07-20T18:40:27.976960Z,2026-07-20T18:40:27.979998Z,0.002955,0,reports/phase1_command_logs/0042_implementation_check.stdout.log,reports/phase1_command_logs/0042_implementation_check.stderr.log,PASS,,,
43,implementation_check,rg -n diagnostic certgen/notebooks/worker_contract.py,.,2026-07-20T18:40:34.761066Z,2026-07-20T18:40:34.764495Z,0.003382,0,reports/phase1_command_logs/0043_implementation_check.stdout.log,reports/phase1_command_logs/0043_implementation_check.stderr.log,PASS,,,
44,implementation_check,"sed -n 126,148p certgen/notebooks/worker_contract.py",.,2026-07-20T18:40:39.390732Z,2026-07-20T18:40:39.393015Z,0.002224,0,reports/phase1_command_logs/0044_implementation_check.stdout.log,reports/phase1_command_logs/0044_implementation_check.stderr.log,PASS,,,
45,discovery,"sed -n 45,95p tests/test_final_runtime_hardening.py",.,2026-07-20T18:40:49.858385Z,2026-07-20T18:40:49.861540Z,0.003094,0,reports/phase1_command_logs/0045_discovery.stdout.log,reports/phase1_command_logs/0045_discovery.stderr.log,PASS,,,
46,discovery,"sed -n 1,300p certgen/notebooks/workers/preflight_worker.py",.,2026-07-20T18:43:48.678039Z,2026-07-20T18:43:48.680947Z,0.002851,0,reports/phase1_command_logs/0046_discovery.stdout.log,reports/phase1_command_logs/0046_discovery.stderr.log,PASS,,,
47,discovery,rg -n 'class AssetPolicy|class NetworkMode' certgen/notebooks/model_assets.py certgen/notebooks/network_policy.py,.,2026-07-20T18:43:59.482903Z,2026-07-20T18:43:59.490438Z,0.007479,0,reports/phase1_command_logs/0047_discovery.stdout.log,reports/phase1_command_logs/0047_discovery.stderr.log,PASS,,,
48,discovery,"sed -n 1,24p certgen/notebooks/model_assets.py",.,2026-07-20T18:44:06.821171Z,2026-07-20T18:44:06.823301Z,0.002082,0,reports/phase1_command_logs/0048_discovery.stdout.log,reports/phase1_command_logs/0048_discovery.stderr.log,PASS,,,
49,implementation_check,python3 -m compileall -q certgen/phase1 certgen/__main__.py certgen/notebooks,.,2026-07-20T18:48:00.647459Z,2026-07-20T18:48:00.710810Z,0.063300,0,reports/phase1_command_logs/0049_implementation_check.stdout.log,reports/phase1_command_logs/0049_implementation_check.stderr.log,PASS,,,
50,notebooks,python3 -m certgen notebooks generate --explain --json,.,2026-07-20T18:48:06.493466Z,2026-07-20T18:48:06.649016Z,0.155502,0,reports/phase1_command_logs/0050_notebooks.stdout.log,reports/phase1_command_logs/0050_notebooks.stderr.log,PASS,notebooks/kaggle/certgen_kaggle_environment_diagnostic_t4x2.ipynb;notebooks/kaggle/certgen_cvpr_checkpoint_preflight_t4x2.ipynb;notebooks/kaggle/certgen_cvpr_generation_1k_t4x2.ipynb;notebooks/kaggle/certgen_cvpr_feature_extraction_t4x2.ipynb,,
51,notebooks,python3 -m certgen notebooks check-determinism --explain --json,.,2026-07-20T18:48:10.315108Z,2026-07-20T18:48:10.427595Z,0.112437,2,reports/phase1_command_logs/0051_notebooks.stdout.log,reports/phase1_command_logs/0051_notebooks.stderr.log,FAIL,,,
52,notebooks,python3 -m certgen notebooks generate --json,.,2026-07-20T18:48:22.672843Z,2026-07-20T18:48:22.784829Z,0.111937,0,reports/phase1_command_logs/0052_notebooks.stdout.log,reports/phase1_command_logs/0052_notebooks.stderr.log,PASS,,,
53,notebooks,python3 -m certgen notebooks check-determinism --json,.,2026-07-20T18:48:22.871866Z,2026-07-20T18:48:22.987529Z,0.115609,0,reports/phase1_command_logs/0053_notebooks.stdout.log,reports/phase1_command_logs/0053_notebooks.stderr.log,PASS,,,
54,implementation_check,rg -n 'def assert_cpu_only' certgen/notebooks/cvpr_runtime.py,.,2026-07-20T18:51:02.449681Z,2026-07-20T18:51:02.453819Z,0.004083,1,reports/phase1_command_logs/0054_implementation_check.stdout.log,reports/phase1_command_logs/0054_implementation_check.stderr.log,FAIL,,,
55,implementation_check,"sed -n 1,160p certgen/notebooks/cvpr_runtime.py",.,2026-07-20T18:51:07.314981Z,2026-07-20T18:51:07.317167Z,0.002132,0,reports/phase1_command_logs/0055_implementation_check.stdout.log,reports/phase1_command_logs/0055_implementation_check.stderr.log,PASS,,,
56,implementation_check,python3 -m compileall -q certgen/phase1 certgen/__main__.py scripts/run_all_available_cpu_stages.py,.,2026-07-20T18:54:00.554231Z,2026-07-20T18:54:00.612575Z,0.058290,0,reports/phase1_command_logs/0056_implementation_check.stdout.log,reports/phase1_command_logs/0056_implementation_check.stderr.log,PASS,,,
57,cpu_orchestrator,python3 scripts/run_all_available_cpu_stages.py --dry-run --explain,.,2026-07-20T18:54:05.805574Z,2026-07-20T18:54:06.041040Z,0.235415,10,reports/phase1_command_logs/0057_cpu_orchestrator.stdout.log,reports/phase1_command_logs/0057_cpu_orchestrator.stderr.log,EXPECTED_BOUNDARY,,,
58,fixture_rehearsal,"python3 -c 'import json; from certgen.phase1.rehearsal import run_phase1_rehearsal; print(json.dumps(run_phase1_rehearsal(), indent=2, sort_keys=True))'",.,2026-07-20T18:54:13.462193Z,2026-07-20T18:54:14.422979Z,0.960735,0,reports/phase1_command_logs/0058_fixture_rehearsal.stdout.log,reports/phase1_command_logs/0058_fixture_rehearsal.stderr.log,PASS,artifacts/cvpr/kaggle_inputs/fixture_only/PHASE1_REHEARSAL.json,,
59,regression,python3 -m pytest -q tests/test_cvpr_architecture.py tests/test_final_runtime_hardening.py tests/test_final_run_ready_closure.py,.,2026-07-20T18:54:26.323141Z,2026-07-20T18:54:31.356891Z,5.033682,0,reports/phase1_command_logs/0059_regression.stdout.log,reports/phase1_command_logs/0059_regression.stderr.log,PASS,,,
60,cli_surface,python3 -m certgen kaggle --help,.,2026-07-20T18:54:38.368209Z,2026-07-20T18:54:38.477738Z,0.109477,0,reports/phase1_command_logs/0060_cli_surface.stdout.log,reports/phase1_command_logs/0060_cli_surface.stderr.log,PASS,,,
61,cli_surface,python3 -m certgen notebooks --help,.,2026-07-20T18:54:38.563368Z,2026-07-20T18:54:38.673201Z,0.109773,0,reports/phase1_command_logs/0061_cli_surface.stdout.log,reports/phase1_command_logs/0061_cli_surface.stderr.log,PASS,,,
62,cli_surface,python3 -m certgen audit --help,.,2026-07-20T18:54:38.759257Z,2026-07-20T18:54:38.870077Z,0.110772,0,reports/phase1_command_logs/0062_cli_surface.stdout.log,reports/phase1_command_logs/0062_cli_surface.stderr.log,PASS,,,
63,cli_surface,python3 -m certgen kaggle build-input --help,.,2026-07-20T18:54:38.956352Z,2026-07-20T18:54:39.067609Z,0.111206,0,reports/phase1_command_logs/0063_cli_surface.stdout.log,reports/phase1_command_logs/0063_cli_surface.stderr.log,PASS,,,
64,test_discovery,rg --files tests,.,2026-07-20T18:54:46.838037Z,2026-07-20T18:54:46.844791Z,0.006697,0,reports/phase1_command_logs/0064_test_discovery.stdout.log,reports/phase1_command_logs/0064_test_discovery.stderr.log,PASS,,,
65,phase1_tests,python3 -m pytest -q tests/test_phase1_closure.py,.,2026-07-20T18:55:10.995492Z,2026-07-20T18:55:12.022300Z,1.026742,0,reports/phase1_command_logs/0065_phase1_tests.stdout.log,reports/phase1_command_logs/0065_phase1_tests.stderr.log,PASS,,,
66,final_default_pytest,python3 -m pytest -q,.,2026-07-20T18:55:18.513672Z,2026-07-20T18:55:28.573911Z,10.060188,0,reports/phase1_command_logs/0066_final_default_pytest.stdout.log,reports/phase1_command_logs/0066_final_default_pytest.stderr.log,PASS,,,
67,integration_audit,python3 -m pytest -q -m integration_audit,.,2026-07-20T18:55:46.875738Z,2026-07-20T18:56:27.827368Z,40.951589,0,reports/phase1_command_logs/0067_integration_audit.stdout.log,reports/phase1_command_logs/0067_integration_audit.stderr.log,PASS,,,
68,statistical_tests,python3 -m pytest -q tests/test_cvpr_statistical_contract.py tests/test_confidence_sequences.py tests/test_mmd_streams.py tests/test_optional_stopping_lab.py,.,2026-07-20T18:56:30.405916Z,2026-07-20T18:56:31.325142Z,0.919156,0,reports/phase1_command_logs/0068_statistical_tests.stdout.log,reports/phase1_command_logs/0068_statistical_tests.stderr.log,PASS,,,
69,artifact_contract_tests,python3 -m pytest -q tests/test_schemas.py tests/test_feature_cache_v2_contract.py tests/test_engineering_evidence_safety.py,.,2026-07-20T18:56:31.417570Z,2026-07-20T18:56:32.406855Z,0.989220,0,reports/phase1_command_logs/0069_artifact_contract_tests.stdout.log,reports/phase1_command_logs/0069_artifact_contract_tests.stderr.log,PASS,,,
70,runtime_hardening_tests,python3 -m pytest -q tests/test_final_runtime_hardening.py,.,2026-07-20T18:56:32.500615Z,2026-07-20T18:56:34.586671Z,2.085995,0,reports/phase1_command_logs/0070_runtime_hardening_tests.stdout.log,reports/phase1_command_logs/0070_runtime_hardening_tests.stderr.log,PASS,,,
71,real_execution_closure_tests,python3 -m pytest -q tests/test_real_execution_closure.py,.,2026-07-20T18:56:34.678154Z,2026-07-20T18:56:36.218363Z,1.540153,0,reports/phase1_command_logs/0071_real_execution_closure_tests.stdout.log,reports/phase1_command_logs/0071_real_execution_closure_tests.stderr.log,PASS,,,
72,final_readiness_tests,python3 -m pytest -q tests/test_final_100_percent_pre_run.py tests/test_final_run_ready_closure.py,.,2026-07-20T18:56:44.184984Z,2026-07-20T18:56:45.621064Z,1.436023,0,reports/phase1_command_logs/0072_final_readiness_tests.stdout.log,reports/phase1_command_logs/0072_final_readiness_tests.stderr.log,PASS,,,
73,post_cache_tests,python3 -m pytest -q tests/test_post_cache_final_closure.py,.,2026-07-20T18:56:45.713052Z,2026-07-20T18:56:48.517832Z,2.804711,0,reports/phase1_command_logs/0073_post_cache_tests.stdout.log,reports/phase1_command_logs/0073_post_cache_tests.stderr.log,PASS,,,
74,maximum_ceiling_tests,python3 -m pytest -q tests/test_maximum_ceiling.py,.,2026-07-20T18:56:48.609711Z,2026-07-20T18:56:50.338878Z,1.729108,0,reports/phase1_command_logs/0074_maximum_ceiling_tests.stdout.log,reports/phase1_command_logs/0074_maximum_ceiling_tests.stderr.log,PASS,,,
75,kaggle_bundle_tests,python3 -m pytest -q tests/test_v6_cpu_kaggle_packaging.py tests/test_phase1_closure.py,.,2026-07-20T18:56:50.431761Z,2026-07-20T18:56:51.176913Z,0.745085,0,reports/phase1_command_logs/0075_kaggle_bundle_tests.stdout.log,reports/phase1_command_logs/0075_kaggle_bundle_tests.stderr.log,PASS,,,
76,notebook_tests,python3 -m pytest -q tests/test_v7_notebook_quality.py tests/test_cvpr_architecture.py,.,2026-07-20T18:56:58.927548Z,2026-07-20T18:57:01.413897Z,2.486290,0,reports/phase1_command_logs/0076_notebook_tests.stdout.log,reports/phase1_command_logs/0076_notebook_tests.stderr.log,PASS,,,
77,provenance_tests,python3 -m pytest -q tests/test_provenance_ledger.py tests/test_reference_draw_plan.py,.,2026-07-20T18:57:01.505432Z,2026-07-20T18:57:02.095961Z,0.590458,0,reports/phase1_command_logs/0077_provenance_tests.stdout.log,reports/phase1_command_logs/0077_provenance_tests.stderr.log,PASS,,,
78,replay_tests,python3 -m pytest -q tests/test_replay_and_pilot_report_v3.py,.,2026-07-20T18:57:02.187975Z,2026-07-20T18:57:02.747130Z,0.559094,0,reports/phase1_command_logs/0078_replay_tests.stdout.log,reports/phase1_command_logs/0078_replay_tests.stderr.log,PASS,,,
79,claim_evidence_tests,python3 -m pytest -q tests/test_claim_gate.py tests/test_v5_claim_contract.py tests/test_evidence_status.py,.,2026-07-20T18:57:02.837434Z,2026-07-20T18:57:03.362991Z,0.525501,0,reports/phase1_command_logs/0079_claim_evidence_tests.stdout.log,reports/phase1_command_logs/0079_claim_evidence_tests.stderr.log,PASS,,,
80,release_tests,python3 -m pytest -q tests/test_archive_portable.py tests/test_v5_paper_proof_release.py tests/test_v4_claims_paper_review_release.py,.,2026-07-20T18:57:11.046012Z,2026-07-20T18:57:11.558561Z,0.512488,0,reports/phase1_command_logs/0080_release_tests.stdout.log,reports/phase1_command_logs/0080_release_tests.stderr.log,PASS,,,
81,post_cache_repair_tests,python3 -m pytest -q tests/test_v7_importers.py tests/test_feature_cache_v3.py,.,2026-07-20T18:57:11.649954Z,2026-07-20T18:57:12.162369Z,0.512352,0,reports/phase1_command_logs/0081_post_cache_repair_tests.stdout.log,reports/phase1_command_logs/0081_post_cache_repair_tests.stderr.log,PASS,,,
82,final_readiness_forensic_tests,python3 -m pytest -q tests/test_forensic_final_audit.py tests/test_forensic_inventory.py,.,2026-07-20T18:57:12.254275Z,2026-07-20T18:57:12.783331Z,0.528991,0,reports/phase1_command_logs/0082_final_readiness_forensic_tests.stdout.log,reports/phase1_command_logs/0082_final_readiness_forensic_tests.stderr.log,PASS,,,
83,kaggle_provenance_tests,python3 -m pytest -q tests/test_v9_execution_supercharger.py tests/test_v7_runledger.py,.,2026-07-20T18:57:12.877695Z,2026-07-20T18:57:13.525020Z,0.647259,0,reports/phase1_command_logs/0083_kaggle_provenance_tests.stdout.log,reports/phase1_command_logs/0083_kaggle_provenance_tests.stderr.log,PASS,,,
84,ruff,python3 -m ruff check certgen scripts tests,.,2026-07-20T18:57:18.869107Z,2026-07-20T18:57:18.928053Z,0.058881,1,reports/phase1_command_logs/0084_ruff.stdout.log,reports/phase1_command_logs/0084_ruff.stderr.log,FAIL,,,
85,ruff,python3 -m ruff check certgen scripts tests,.,2026-07-20T18:57:35.912984Z,2026-07-20T18:57:35.968438Z,0.055396,0,reports/phase1_command_logs/0085_ruff.stdout.log,reports/phase1_command_logs/0085_ruff.stderr.log,PASS,,,
86,mypy_discovery,rg -n 'mypy.*error|Full mypy|mypy debt|Found [0-9]+ errors' reports CERTGEN_CVPR_100_PERCENT_PRE_RUN_EXECUTION_HANDBOOK.md CERTGEN_CVPR_100_PERCENT_PRE_RUN_READINESS_REPORT.md CERTGEN_CVPR_COMPLETE_EXECUTION_AND_RUN_HANDBOOK.md CERTGEN_CVPR_FINAL_EXECUTION_HANDBOOK.md CERTGEN_CVPR_FINAL_RUNTIME_HARDENING_REPORT.md CERTGEN_CVPR_FINAL_RUN_READY_CLOSURE_REPORT.md CERTGEN_CVPR_FINAL_RUN_READY_EXECUTION_HANDBOOK.md CERTGEN_CVPR_MAX_PREEXECUTION_BUILD_REPORT.md CERTGEN_CVPR_REAL_EXECUTION_CLOSURE_REPORT.md CERTGEN_CVPR_RUN_READY_EXECUTION_HANDBOOK.md CERTGEN_FORENSIC_AUDIT_AND_MAXIMUM_CEILING_REPORT.md CERTGEN_MAX_CEILING_EXECUTION_HANDBOOK.md CERTGEN_MAX_CEILING_PRE_RUN_READINESS_REPORT.md CERTGEN_MAX_CEILING_SINGLE_FILE_HANDOFF.md CERTGEN_POST_CACHE_FINAL_FIX_REPORT.md docs,.,2026-07-20T18:57:41.976861Z,2026-07-20T18:57:41.991039Z,0.014127,0,reports/phase1_command_logs/0086_mypy_discovery.stdout.log,reports/phase1_command_logs/0086_mypy_discovery.stderr.log,PASS,,,
87,critical_mypy,python3 -m mypy --no-incremental certgen/phase1 scripts/run_all_available_cpu_stages.py scripts/phase1_command_runner.py certgen/notebooks/workers/diagnostic_worker.py,.,2026-07-20T18:57:47.957938Z,2026-07-20T18:58:10.308920Z,22.350932,1,reports/phase1_command_logs/0087_critical_mypy.stdout.log,reports/phase1_command_logs/0087_critical_mypy.stderr.log,FAIL,,,
88,critical_mypy,python3 -m mypy --no-incremental --follow-imports=skip certgen/phase1 scripts/run_all_available_cpu_stages.py scripts/phase1_command_runner.py certgen/notebooks/workers/diagnostic_worker.py,.,2026-07-20T18:58:22.524646Z,2026-07-20T18:58:22.978959Z,0.454247,0,reports/phase1_command_logs/0088_critical_mypy.stdout.log,reports/phase1_command_logs/0088_critical_mypy.stderr.log,PASS,,,
89,full_mypy_debt,python3 -m mypy --no-incremental certgen,.,2026-07-20T18:58:38.305340Z,2026-07-20T18:59:00.051758Z,21.746362,1,reports/phase1_command_logs/0089_full_mypy_debt.stdout.log,reports/phase1_command_logs/0089_full_mypy_debt.stderr.log,EXPECTED_BOUNDARY,,historical baseline: 111 errors in 34 files,
90,audit_discovery,rg -n 'privacy|restricted.asset|release scan|paper compilation|latexmk|pdflatex|paper firewall|final.pre.run|maximum.ceiling' README.md Makefile pyproject.toml scripts commands reports/CERTGEN_FINAL_HARDENING_COMMAND_LEDGER.csv reports/CERTGEN_FINAL_100_PERCENT_COMMAND_LEDGER.csv,.,2026-07-20T18:59:11.309091Z,2026-07-20T18:59:11.323145Z,0.014003,2,reports/phase1_command_logs/0090_audit_discovery.stdout.log,reports/phase1_command_logs/0090_audit_discovery.stderr.log,FAIL,,,
91,audit_discovery,"sed -n 1,260p certgen/release/privacy_scan.py",.,2026-07-20T18:59:21.857841Z,2026-07-20T18:59:21.860079Z,0.002188,0,reports/phase1_command_logs/0091_audit_discovery.stdout.log,reports/phase1_command_logs/0091_audit_discovery.stderr.log,PASS,,,
92,paper_firewall,python3 -m certgen audit paper --explain --json,.,2026-07-20T18:59:37.150015Z,2026-07-20T18:59:37.292312Z,0.142220,0,reports/phase1_command_logs/0092_paper_firewall.stdout.log,reports/phase1_command_logs/0092_paper_firewall.stderr.log,PASS,,,
93,privacy_scan,python3 -c 'from certgen.release.privacy_scan import scan_privacy; issues=scan_privacy(); print(issues); raise SystemExit(bool(issues))',.,2026-07-20T18:59:37.390585Z,2026-07-20T18:59:37.462981Z,0.072329,0,reports/phase1_command_logs/0093_privacy_scan.stdout.log,reports/phase1_command_logs/0093_privacy_scan.stderr.log,PASS,,,
94,restricted_asset_scan,"python3 -c 'from pathlib import Path; suffixes={"".pt"","".pth"","".bin"","".safetensors"","".ckpt"","".onnx""}; roots=[Path(""artifacts/cvpr/kaggle_inputs""),Path(""release""),Path(""dist"")]; hits=[str(p) for r in roots if r.exists() for p in r.rglob(""*"") if p.is_file() and p.suffix.lower() in suffixes]; print(hits); raise SystemExit(bool(hits))'",.,2026-07-20T18:59:37.558868Z,2026-07-20T18:59:37.611978Z,0.053046,0,reports/phase1_command_logs/0094_restricted_asset_scan.stdout.log,reports/phase1_command_logs/0094_restricted_asset_scan.stderr.log,PASS,,,
95,release_scan,python3 -m certgen.audit.release_safety_v5 --out /tmp/certgen_phase1_release_safety.md --json-out /tmp/certgen_phase1_release_safety.json,.,2026-07-20T18:59:37.730946Z,2026-07-20T18:59:37.864384Z,0.133373,0,reports/phase1_command_logs/0095_release_scan.stdout.log,reports/phase1_command_logs/0095_release_scan.stderr.log,PASS,,,
96,paper_compile,mkdir -p /tmp/certgen_phase1_paper,.,2026-07-20T18:59:45.101622Z,2026-07-20T18:59:45.105284Z,0.003601,0,reports/phase1_command_logs/0096_paper_compile.stdout.log,reports/phase1_command_logs/0096_paper_compile.stderr.log,PASS,,,
97,paper_compile,pdflatex -interaction=nonstopmode -halt-on-error -output-directory=/tmp/certgen_phase1_paper main.tex,paper,2026-07-20T18:59:45.217063Z,2026-07-20T18:59:45.423364Z,0.206249,0,reports/phase1_command_logs/0097_paper_compile.stdout.log,reports/phase1_command_logs/0097_paper_compile.stderr.log,PASS,,,
98,paper_compile,pdflatex -interaction=nonstopmode -halt-on-error -output-directory=/tmp/certgen_phase1_paper main.tex,paper,2026-07-20T18:59:45.513621Z,2026-07-20T18:59:45.620231Z,0.106552,0,reports/phase1_command_logs/0098_paper_compile.stdout.log,reports/phase1_command_logs/0098_paper_compile.stderr.log,PASS,,,
99,cpu_autorun,python3 scripts/run_all_available_cpu_stages.py --resume --explain,.,2026-07-20T18:59:57.761263Z,2026-07-20T18:59:58.035608Z,0.274288,10,reports/phase1_command_logs/0099_cpu_autorun.stdout.log,reports/phase1_command_logs/0099_cpu_autorun.stderr.log,EXPECTED_BOUNDARY,artifacts/cvpr/kaggle_inputs/diagnostic;artifacts/cvpr/kaggle_inputs/preflight;artifacts/cvpr/kaggle_inputs/generation;artifacts/cvpr/kaggle_inputs/features;reports/CERTGEN_PHASE1_AUTORUN_STATUS.json,,
100,kaggle_inventory,python3 -m certgen kaggle inventory --explain --json,.,2026-07-20T19:00:12.107875Z,2026-07-20T19:00:12.248581Z,0.140654,0,reports/phase1_command_logs/0100_kaggle_inventory.stdout.log,reports/phase1_command_logs/0100_kaggle_inventory.stderr.log,PASS,,,
101,kaggle_build_diagnostic,python3 -m certgen kaggle build-input --stage diagnostic --explain --json,.,2026-07-20T19:00:12.338552Z,2026-07-20T19:00:12.491412Z,0.152794,0,reports/phase1_command_logs/0101_kaggle_build_diagnostic.stdout.log,reports/phase1_command_logs/0101_kaggle_build_diagnostic.stderr.log,PASS,,,
102,kaggle_build_preflight,python3 -m certgen kaggle build-input --stage preflight --profile cifar_integrity_minimal --explain --json,.,2026-07-20T19:00:12.580870Z,2026-07-20T19:00:12.754239Z,0.173312,0,reports/phase1_command_logs/0102_kaggle_build_preflight.stdout.log,reports/phase1_command_logs/0102_kaggle_build_preflight.stderr.log,PASS,,,
103,kaggle_build_generation,python3 -m certgen kaggle build-input --stage generation --scale 1k --study artifacts/cvpr/study/cifar_integrity_minimal.yaml --explain --json,.,2026-07-20T19:00:12.843276Z,2026-07-20T19:00:12.955920Z,0.112585,0,reports/phase1_command_logs/0103_kaggle_build_generation.stdout.log,reports/phase1_command_logs/0103_kaggle_build_generation.stderr.log,PASS,,,
104,kaggle_build_features,python3 -m certgen kaggle build-input --stage features --scale 1k --study artifacts/cvpr/study/cifar_integrity_minimal.yaml --explain --json,.,2026-07-20T19:00:13.046842Z,2026-07-20T19:00:13.159287Z,0.112384,0,reports/phase1_command_logs/0104_kaggle_build_features.stdout.log,reports/phase1_command_logs/0104_kaggle_build_features.stderr.log,PASS,,,
105,kaggle_validate_input,python3 -m certgen kaggle validate-input artifacts/cvpr/kaggle_inputs/diagnostic/certgen_kaggle_environment_diagnostic_input.zip --explain --json,.,2026-07-20T19:00:13.249909Z,2026-07-20T19:00:13.376528Z,0.126554,0,reports/phase1_command_logs/0105_kaggle_validate_input.stdout.log,reports/phase1_command_logs/0105_kaggle_validate_input.stderr.log,PASS,,,
106,kaggle_inspect_input,python3 -m certgen kaggle inspect-input artifacts/cvpr/kaggle_inputs/preflight/certgen_cvpr_preflight_input.zip --explain --json,.,2026-07-20T19:00:13.464299Z,2026-07-20T19:00:13.601301Z,0.136944,0,reports/phase1_command_logs/0106_kaggle_inspect_input.stdout.log,reports/phase1_command_logs/0106_kaggle_inspect_input.stderr.log,PASS,,,
107,kaggle_next,python3 -m certgen kaggle next --explain --json,.,2026-07-20T19:00:13.687366Z,2026-07-20T19:00:13.801486Z,0.114063,0,reports/phase1_command_logs/0107_kaggle_next.stdout.log,reports/phase1_command_logs/0107_kaggle_next.stderr.log,PASS,,,
108,reporting,"python3 -c 'import json; from certgen.phase1.reporting import generate_phase1_reports; print(json.dumps(generate_phase1_reports(), indent=2, sort_keys=True))'",.,2026-07-20T19:00:21.321111Z,2026-07-20T19:00:21.460141Z,0.138963,0,reports/phase1_command_logs/0108_reporting.stdout.log,reports/phase1_command_logs/0108_reporting.stderr.log,PASS,CERTGEN_PHASE1_PRE_GPU_COMPLETION_REPORT.md;CERTGEN_KAGGLE_T4X2_EXECUTION_HANDBOOK.md;CERTGEN_KAGGLE_RUN_LAUNCHBOARD.md;CERTGEN_KAGGLE_INPUT_BUNDLE_CATALOG.md;CERTGEN_KAGGLE_DEPENDENCY_AND_ASSET_GUIDE.md;CERTGEN_PHASE1_NEXT_ACTION.md;reports/CERTGEN_PHASE1_TEST_MATRIX.md;reports/CERTGEN_PHASE1_ARTIFACT_INVENTORY.csv;reports/CERTGEN_KAGGLE_RUNTIME_ESTIMATES.csv;reports/CERTGEN_KAGGLE_RUNTIME_ASSUMPTIONS.md,,
109,kaggle_launch_audit,python3 -m certgen audit kaggle-launch --explain --json,.,2026-07-20T19:00:38.790195Z,2026-07-20T19:00:39.013487Z,0.223229,0,reports/phase1_command_logs/0109_kaggle_launch_audit.stdout.log,reports/phase1_command_logs/0109_kaggle_launch_audit.stderr.log,PASS,,,
110,cpu_execution_audit,python3 -m certgen audit cpu-execution --explain --json,.,2026-07-20T19:00:43.643559Z,2026-07-20T19:00:43.797254Z,0.153631,0,reports/phase1_command_logs/0110_cpu_execution_audit.stdout.log,reports/phase1_command_logs/0110_cpu_execution_audit.stderr.log,PASS,,,
111,final_pre_run_audit,python3 -m certgen audit final-pre-run --explain --json,.,2026-07-20T19:00:50.928207Z,2026-07-20T19:00:51.929889Z,1.001626,0,reports/phase1_command_logs/0111_final_pre_run_audit.stdout.log,reports/phase1_command_logs/0111_final_pre_run_audit.stderr.log,PASS,,,
112,maximum_ceiling_audit,python3 -m certgen audit maximum-ceiling --explain --json,.,2026-07-20T19:00:52.029053Z,2026-07-20T19:00:53.361816Z,1.332680,0,reports/phase1_command_logs/0112_maximum_ceiling_audit.stdout.log,reports/phase1_command_logs/0112_maximum_ceiling_audit.stderr.log,PASS,,,
113,cvpr_audit,python3 -m certgen audit cvpr --explain --json,.,2026-07-20T19:00:53.462624Z,2026-07-20T19:00:53.634935Z,0.172235,0,reports/phase1_command_logs/0113_cvpr_audit.stdout.log,reports/phase1_command_logs/0113_cvpr_audit.stderr.log,PASS,,,
114,final_state_readiness,python3 -m certgen readiness --explain --json,.,2026-07-20T19:01:01.360439Z,2026-07-20T19:01:01.484887Z,0.124369,0,reports/phase1_command_logs/0114_final_state_readiness.stdout.log,reports/phase1_command_logs/0114_final_state_readiness.stderr.log,PASS,,,
115,final_state_next_action,python3 -m certgen next-action --explain,.,2026-07-20T19:01:01.581649Z,2026-07-20T19:01:01.704270Z,0.122561,0,reports/phase1_command_logs/0115_final_state_next_action.stdout.log,reports/phase1_command_logs/0115_final_state_next_action.stderr.log,PASS,,,
116,final_state_doctor,python3 -m certgen doctor --json,.,2026-07-20T19:01:01.801348Z,2026-07-20T19:01:01.964397Z,0.162991,0,reports/phase1_command_logs/0116_final_state_doctor.stdout.log,reports/phase1_command_logs/0116_final_state_doctor.stderr.log,PASS,,,
117,final_state_kaggle_next,python3 -m certgen kaggle next --explain,.,2026-07-20T19:01:02.062207Z,2026-07-20T19:01:02.183456Z,0.121176,0,reports/phase1_command_logs/0117_final_state_kaggle_next.stdout.log,reports/phase1_command_logs/0117_final_state_kaggle_next.stderr.log,PASS,,,
118,final_compileall,python3 -m compileall -q certgen scripts tests,.,2026-07-20T19:01:25.350586Z,2026-07-20T19:01:25.451352Z,0.100710,0,reports/phase1_command_logs/0118_final_compileall.stdout.log,reports/phase1_command_logs/0118_final_compileall.stderr.log,PASS,,,
119,final_imports,"python3 -c 'import certgen; import certgen.__main__; import certgen.phase1.audit; import certgen.phase1.kaggle; import certgen.phase1.notebooks; import certgen.phase1.reporting; print(""imports_ok"")'",.,2026-07-20T19:01:25.540812Z,2026-07-20T19:01:25.661706Z,0.120828,0,reports/phase1_command_logs/0119_final_imports.stdout.log,reports/phase1_command_logs/0119_final_imports.stderr.log,PASS,,,
120,final_phase1_tests,python3 -m pytest -q tests/test_phase1_closure.py,.,2026-07-20T19:01:25.751725Z,2026-07-20T19:01:26.562205Z,0.810424,0,reports/phase1_command_logs/0120_final_phase1_tests.stdout.log,reports/phase1_command_logs/0120_final_phase1_tests.stderr.log,PASS,,,
121,final_notebook_determinism,python3 -m certgen notebooks check-determinism --json,.,2026-07-20T19:01:26.657202Z,2026-07-20T19:01:26.778804Z,0.121539,0,reports/phase1_command_logs/0121_final_notebook_determinism.stdout.log,reports/phase1_command_logs/0121_final_notebook_determinism.stderr.log,PASS,,,
122,final_ruff,python3 -m ruff check certgen scripts tests,.,2026-07-20T19:01:26.870136Z,2026-07-20T19:01:26.967426Z,0.097232,0,reports/phase1_command_logs/0122_final_ruff.stdout.log,reports/phase1_command_logs/0122_final_ruff.stderr.log,PASS,,,
123,final_diff_check,git diff --check,.,2026-07-20T19:01:27.058162Z,2026-07-20T19:01:27.193178Z,0.134961,0,reports/phase1_command_logs/0123_final_diff_check.stdout.log,reports/phase1_command_logs/0123_final_diff_check.stderr.log,PASS,,,
124,final_reporting,"python3 -c 'import json; from certgen.phase1.reporting import generate_phase1_reports; print(json.dumps(generate_phase1_reports(), indent=2, sort_keys=True))'",.,2026-07-20T19:01:47.018291Z,2026-07-20T19:01:47.144202Z,0.125859,0,reports/phase1_command_logs/0124_final_reporting.stdout.log,reports/phase1_command_logs/0124_final_reporting.stderr.log,PASS,CERTGEN_PHASE1_PRE_GPU_COMPLETION_REPORT.md;CERTGEN_KAGGLE_T4X2_EXECUTION_HANDBOOK.md;CERTGEN_KAGGLE_RUN_LAUNCHBOARD.md;CERTGEN_KAGGLE_INPUT_BUNDLE_CATALOG.md;CERTGEN_KAGGLE_DEPENDENCY_AND_ASSET_GUIDE.md;CERTGEN_PHASE1_NEXT_ACTION.md;reports/CERTGEN_PHASE1_CURRENT_STATE.json;reports/CERTGEN_PHASE1_TEST_MATRIX.md;reports/CERTGEN_PHASE1_ARTIFACT_INVENTORY.csv,,
125,final_artifact_seal,"python3 -c 'import json; from pathlib import Path; from certgen.phase1.kaggle import BUNDLES, inspect_input, source_code_hash; required=[""CERTGEN_PHASE1_PRE_GPU_COMPLETION_REPORT.md"",""CERTGEN_KAGGLE_T4X2_EXECUTION_HANDBOOK.md"",""CERTGEN_KAGGLE_RUN_LAUNCHBOARD.md"",""CERTGEN_KAGGLE_INPUT_BUNDLE_CATALOG.md"",""CERTGEN_KAGGLE_DEPENDENCY_AND_ASSET_GUIDE.md"",""CERTGEN_PHASE1_NEXT_ACTION.md"",""reports/CERTGEN_PHASE1_BASELINE.md"",""reports/CERTGEN_PHASE1_COMMAND_LEDGER.csv"",""reports/CERTGEN_PHASE1_CURRENT_STATE.json"",""reports/CERTGEN_PHASE1_TEST_MATRIX.md"",""reports/CERTGEN_PHASE1_ARTIFACT_INVENTORY.csv"",""reports/CERTGEN_KAGGLE_RUNTIME_ESTIMATES.csv"",""reports/CERTGEN_KAGGLE_RUNTIME_ASSUMPTIONS.md"",""reports/CERTGEN_KAGGLE_FINAL_LAUNCH_AUDIT.md""]; missing=[p for p in required if not Path(p).is_file()]; current=source_code_hash(); bundles={stage:inspect_input(path) for stage,path in BUNDLES.items()}; stale={stage:row[""source_code_hash""] for stage,row in bundles.items() if row[""source_code_hash""]!=current}; state=json.loads(Path(""reports/CERTGEN_PHASE1_CURRENT_STATE.json"").read_text()); print(json.dumps({""missing"":missing,""stale_bundles"":stale,""bundles"":{k:{""passed"":v[""passed""],""sha256"":v[""zip_sha256""]} for k,v in bundles.items()},""phase1_status"":state[""phase1_status""],""cifar_present"":Path(""data/sources/cifar-10-python.tar.gz"").is_file(),""claim_allowed"":state[""claim_allowed""]},indent=2,sort_keys=True)); raise SystemExit(bool(missing or stale or not all(v[""passed""] for v in bundles.values())))'",.,2026-07-20T19:02:01.072858Z,2026-07-20T19:02:01.213843Z,0.140926,0,reports/phase1_command_logs/0125_final_artifact_seal.stdout.log,reports/phase1_command_logs/0125_final_artifact_seal.stderr.log,PASS,,,
126,orchestrator_ruff,python3 -m ruff check scripts/run_all_available_cpu_stages.py,.,2026-07-20T19:03:54.569931Z,2026-07-20T19:03:54.645517Z,0.075505,0,reports/phase1_command_logs/0126_orchestrator_ruff.stdout.log,reports/phase1_command_logs/0126_orchestrator_ruff.stderr.log,PASS,,,
127,orchestrator_capability,python3 scripts/run_all_available_cpu_stages.py --dry-run --explain,.,2026-07-20T19:03:54.751502Z,2026-07-20T19:03:54.996680Z,0.245100,10,reports/phase1_command_logs/0127_orchestrator_capability.stdout.log,reports/phase1_command_logs/0127_orchestrator_capability.stderr.log,EXPECTED_BOUNDARY,,,
128,orchestrator_resume_seal,python3 scripts/run_all_available_cpu_stages.py --resume --explain,.,2026-07-20T19:03:55.087419Z,2026-07-20T19:03:55.369936Z,0.282448,10,reports/phase1_command_logs/0128_orchestrator_resume_seal.stdout.log,reports/phase1_command_logs/0128_orchestrator_resume_seal.stderr.log,EXPECTED_BOUNDARY,,,
129,report_seal,"python3 -c 'import json; from certgen.phase1.reporting import generate_phase1_reports; print(json.dumps(generate_phase1_reports(), indent=2, sort_keys=True))'",.,2026-07-20T19:04:09.442283Z,2026-07-20T19:04:09.580332Z,0.137970,0,reports/phase1_command_logs/0129_report_seal.stdout.log,reports/phase1_command_logs/0129_report_seal.stderr.log,PASS,,,
