sequence,stage,command,cwd,start_utc,end_utc,duration_seconds,exit_code,stdout_log,stderr_log,status,artifacts_created,artifacts_reused,blocker
1,cli_discovery,python3 -m certgen --help,.,2026-07-21T09:06:39.543211Z,2026-07-21T09:06:39.684636Z,0.141313,0,reports/execution_command_logs/0001_cli_discovery.stdout.log,reports/execution_command_logs/0001_cli_discovery.stderr.log,PASS,,,
2,cli_discovery,python3 -m certgen readiness --help,.,2026-07-21T09:06:39.755154Z,2026-07-21T09:06:39.861079Z,0.105820,0,reports/execution_command_logs/0002_cli_discovery.stdout.log,reports/execution_command_logs/0002_cli_discovery.stderr.log,PASS,,,
3,cli_discovery,python3 -m certgen next-action --help,.,2026-07-21T09:06:39.930680Z,2026-07-21T09:06:40.039631Z,0.108847,0,reports/execution_command_logs/0003_cli_discovery.stdout.log,reports/execution_command_logs/0003_cli_discovery.stderr.log,PASS,,,
4,cli_discovery,python3 -m certgen doctor --help,.,2026-07-21T09:06:40.110690Z,2026-07-21T09:06:40.220107Z,0.109322,0,reports/execution_command_logs/0004_cli_discovery.stdout.log,reports/execution_command_logs/0004_cli_discovery.stderr.log,PASS,,,
5,cli_discovery,python3 -m certgen validate --help,.,2026-07-21T09:06:40.288907Z,2026-07-21T09:06:40.398698Z,0.109684,0,reports/execution_command_logs/0005_cli_discovery.stdout.log,reports/execution_command_logs/0005_cli_discovery.stderr.log,PASS,,,
6,cli_discovery,python3 -m certgen kaggle --help,.,2026-07-21T09:06:40.468805Z,2026-07-21T09:06:40.579202Z,0.110289,0,reports/execution_command_logs/0006_cli_discovery.stdout.log,reports/execution_command_logs/0006_cli_discovery.stderr.log,PASS,,,
7,cli_discovery,python3 -m certgen notebooks --help,.,2026-07-21T09:06:40.648944Z,2026-07-21T09:06:40.756816Z,0.107752,0,reports/execution_command_logs/0007_cli_discovery.stdout.log,reports/execution_command_logs/0007_cli_discovery.stderr.log,PASS,,,
8,cli_discovery,python3 -m certgen audit --help,.,2026-07-21T09:06:40.828011Z,2026-07-21T09:06:40.938844Z,0.110682,0,reports/execution_command_logs/0008_cli_discovery.stdout.log,reports/execution_command_logs/0008_cli_discovery.stderr.log,PASS,,,
9,baseline_snapshot,git status --short,.,2026-07-21T09:06:48.592455Z,2026-07-21T09:06:48.601470Z,0.008896,0,reports/execution_command_logs/0009_baseline_snapshot.stdout.log,reports/execution_command_logs/0009_baseline_snapshot.stderr.log,PASS,,,
10,cifar_validation,python3 -m certgen validate reference --source cifar-10-python.tar.gz --explain,.,2026-07-21T09:06:54.206165Z,2026-07-21T09:06:54.943963Z,0.737687,0,reports/execution_command_logs/0010_cifar_validation.stdout.log,reports/execution_command_logs/0010_cifar_validation.stderr.log,PASS,data/results/v9_cifar_reference_onramp.json;docs/V9_CIFAR_REFERENCE_SUPER_ONRAMP.md,,
11,cifar_normalization,sh -c 'mkdir -p data/sources && cp -p cifar-10-python.tar.gz data/sources/cifar-10-python.tar.gz && cmp -s cifar-10-python.tar.gz data/sources/cifar-10-python.tar.gz && shasum -a 256 cifar-10-python.tar.gz data/sources/cifar-10-python.tar.gz',.,2026-07-21T09:07:03.907055Z,2026-07-21T09:07:04.985566Z,1.078397,0,reports/execution_command_logs/0011_cifar_normalization.stdout.log,reports/execution_command_logs/0011_cifar_normalization.stderr.log,PASS,data/sources/cifar-10-python.tar.gz,cifar-10-python.tar.gz,
12,baseline_compileall,python3 -m compileall -q certgen scripts tests,.,2026-07-21T09:07:19.027074Z,2026-07-21T09:07:19.145683Z,0.118504,0,reports/execution_command_logs/0012_baseline_compileall.stdout.log,reports/execution_command_logs/0012_baseline_compileall.stderr.log,PASS,,,
13,baseline_imports,"python3 -c 'import certgen; import certgen.__main__; import certgen.cvpr; import certgen.phase1.audit; import certgen.phase1.kaggle; import certgen.phase1.notebooks; print(""imports_ok"")'",.,2026-07-21T09:07:19.215323Z,2026-07-21T09:07:19.335334Z,0.119913,0,reports/execution_command_logs/0013_baseline_imports.stdout.log,reports/execution_command_logs/0013_baseline_imports.stderr.log,PASS,,,
14,baseline_full_pytest,python3 -m pytest -q,.,2026-07-21T09:07:19.405694Z,2026-07-21T09:07:28.237407Z,8.831574,1,reports/execution_command_logs/0014_baseline_full_pytest.stdout.log,reports/execution_command_logs/0014_baseline_full_pytest.stderr.log,FAIL,,,
15,cifar_canonical_validation,python3 -m certgen validate reference --source data/sources/cifar-10-python.tar.gz --explain,.,2026-07-21T09:08:05.033881Z,2026-07-21T09:08:05.765837Z,0.731839,0,reports/execution_command_logs/0015_cifar_canonical_validation.stdout.log,reports/execution_command_logs/0015_cifar_canonical_validation.stderr.log,PASS,data/results/v9_cifar_reference_onramp.json;docs/V9_CIFAR_REFERENCE_SUPER_ONRAMP.md,,
16,state_regression_tests,python3 -m pytest -q tests/test_cvpr_architecture.py::test_canonical_cli_status_and_cvpr_help_surface_are_claim_safe tests/test_maximum_ceiling.py::test_claim_figure_optional_and_doctor_contracts,.,2026-07-21T09:08:05.837123Z,2026-07-21T09:08:08.142572Z,2.305328,0,reports/execution_command_logs/0016_state_regression_tests.stdout.log,reports/execution_command_logs/0016_state_regression_tests.stderr.log,PASS,,,
17,post_repair_full_pytest,python3 -m pytest -q,.,2026-07-21T09:08:11.792799Z,2026-07-21T09:08:21.896506Z,10.103551,0,reports/execution_command_logs/0017_post_repair_full_pytest.stdout.log,reports/execution_command_logs/0017_post_repair_full_pytest.stderr.log,PASS,,,
18,integration_audits,python3 -m pytest -q -m integration_audit,.,2026-07-21T09:08:21.970848Z,2026-07-21T09:09:05.842737Z,43.871569,0,reports/execution_command_logs/0018_integration_audits.stdout.log,reports/execution_command_logs/0018_integration_audits.stderr.log,PASS,,,
18,integration_audits,python3 -m pytest -q -m integration_audit,.,2026-07-21T09:08:51.716559Z,2026-07-21T09:09:34.681303Z,42.964404,0,reports/execution_command_logs/0018_integration_audits.stdout.log,reports/execution_command_logs/0018_integration_audits.stderr.log,PASS,,,
19,targeted_contract_tests,python3 -m pytest -q tests/test_cvpr_statistical_contract.py tests/test_confidence_sequences.py tests/test_mmd_streams.py tests/test_optional_stopping_lab.py tests/test_schemas.py tests/test_feature_cache_v2_contract.py tests/test_engineering_evidence_safety.py tests/test_final_runtime_hardening.py tests/test_real_execution_closure.py tests/test_final_100_percent_pre_run.py tests/test_final_run_ready_closure.py tests/test_post_cache_final_closure.py tests/test_maximum_ceiling.py tests/test_v6_cpu_kaggle_packaging.py tests/test_phase1_closure.py tests/test_v7_notebook_quality.py tests/test_cvpr_architecture.py tests/test_provenance_ledger.py tests/test_reference_draw_plan.py tests/test_replay_and_pilot_report_v3.py tests/test_claim_gate.py tests/test_v5_claim_contract.py tests/test_evidence_status.py tests/test_archive_portable.py tests/test_v5_paper_proof_release.py tests/test_v4_claims_paper_review_release.py tests/test_v7_importers.py tests/test_feature_cache_v3.py tests/test_forensic_final_audit.py tests/test_forensic_inventory.py tests/test_v9_execution_supercharger.py tests/test_v7_runledger.py,.,2026-07-21T09:09:43.505789Z,2026-07-21T09:09:53.421078Z,9.915121,0,reports/execution_command_logs/0019_targeted_contract_tests.stdout.log,reports/execution_command_logs/0019_targeted_contract_tests.stderr.log,PASS,,,
20,cpu_autorun,python3 scripts/run_all_available_cpu_stages.py --resume --explain,.,2026-07-21T09:09:59.307911Z,2026-07-21T09:09:59.476120Z,0.168099,30,reports/execution_command_logs/0020_cpu_autorun.stdout.log,reports/execution_command_logs/0020_cpu_autorun.stderr.log,FAIL,registry/manifests/cvpr/cifar10_reference.jsonl;data/results/cvpr_reference_materialization.json;artifacts/cvpr/study/cifar_integrity_minimal.yaml;registry/manifests/cvpr/reference_draw_plan.json;artifacts/cvpr/kaggle_inputs/diagnostic/certgen_kaggle_environment_diagnostic_input.zip,data/sources/cifar-10-python.tar.gz,WAITING_FOR_KAGGLE_DIAGNOSTIC
21,quarantine_stale_inputs,sh -c 'mkdir -p artifacts/cvpr/quarantine/stale_inputs/95e7a91872fd/diagnostic artifacts/cvpr/quarantine/stale_inputs/95e7a91872fd/preflight && mv artifacts/cvpr/kaggle_inputs/diagnostic/certgen_kaggle_environment_diagnostic_input.zip artifacts/cvpr/quarantine/stale_inputs/95e7a91872fd/diagnostic/ && mv artifacts/cvpr/kaggle_inputs/diagnostic/certgen_kaggle_environment_diagnostic_input.zip.manifest.json artifacts/cvpr/quarantine/stale_inputs/95e7a91872fd/diagnostic/ && mv artifacts/cvpr/kaggle_inputs/diagnostic/certgen_kaggle_environment_diagnostic_input.zip.sha256 artifacts/cvpr/quarantine/stale_inputs/95e7a91872fd/diagnostic/ && mv artifacts/cvpr/kaggle_inputs/preflight/certgen_cvpr_preflight_input.zip artifacts/cvpr/quarantine/stale_inputs/95e7a91872fd/preflight/ && mv artifacts/cvpr/kaggle_inputs/preflight/certgen_cvpr_preflight_input.zip.manifest.json artifacts/cvpr/quarantine/stale_inputs/95e7a91872fd/preflight/ && mv artifacts/cvpr/kaggle_inputs/preflight/certgen_cvpr_preflight_input.zip.sha256 artifacts/cvpr/quarantine/stale_inputs/95e7a91872fd/preflight/',.,2026-07-21T09:10:25.012985Z,2026-07-21T09:10:25.027381Z,0.014300,0,reports/execution_command_logs/0021_quarantine_stale_inputs.stdout.log,reports/execution_command_logs/0021_quarantine_stale_inputs.stderr.log,PASS,artifacts/cvpr/quarantine/stale_inputs/95e7a91872fd/,valid immutable diagnostic/preflight inputs,
22,cpu_autorun,python3 scripts/run_all_available_cpu_stages.py --resume --explain,.,2026-07-21T09:10:25.097789Z,2026-07-21T09:10:30.006607Z,4.908688,30,reports/execution_command_logs/0022_cpu_autorun.stdout.log,reports/execution_command_logs/0022_cpu_autorun.stderr.log,FAIL,registry/manifests/cvpr/cifar10_reference.jsonl;data/results/cvpr_reference_materialization.json;artifacts/cvpr/study/cifar_integrity_minimal.yaml;registry/manifests/cvpr/reference_draw_plan.json;artifacts/cvpr/kaggle_inputs/diagnostic/certgen_kaggle_environment_diagnostic_input.zip,data/sources/cifar-10-python.tar.gz,WAITING_FOR_KAGGLE_DIAGNOSTIC
23,dispatcher_and_path_regressions,python3 -m pytest -q tests/test_controls_repository_paths.py tests/test_final_100_percent_pre_run.py::test_next_action_resolves_registered_draw_for_controls_only_after_generation tests/test_maximum_ceiling.py::test_claim_figure_optional_and_doctor_contracts,.,2026-07-21T09:11:26.437166Z,2026-07-21T09:11:27.307833Z,0.870558,0,reports/execution_command_logs/0023_dispatcher_and_path_regressions.stdout.log,reports/execution_command_logs/0023_dispatcher_and_path_regressions.stderr.log,PASS,,,
24,post_dispatcher_repair_full_pytest,python3 -m pytest -q,.,2026-07-21T09:11:33.368008Z,2026-07-21T09:11:44.047346Z,10.678334,1,reports/execution_command_logs/0024_post_dispatcher_repair_full_pytest.stdout.log,reports/execution_command_logs/0024_post_dispatcher_repair_full_pytest.stderr.log,FAIL,,,
25,v9_audit_regression,python3 -m pytest -q tests/test_v9_execution_supercharger.py::test_v9_final_audit_smoke_passes_without_real_execution,.,2026-07-21T09:12:15.428415Z,2026-07-21T09:12:15.996459Z,0.567929,0,reports/execution_command_logs/0025_v9_audit_regression.stdout.log,reports/execution_command_logs/0025_v9_audit_regression.stderr.log,PASS,,,
26,final_full_pytest,python3 -m pytest -q,.,2026-07-21T09:12:16.068287Z,2026-07-21T09:12:26.676603Z,10.608107,0,reports/execution_command_logs/0026_final_full_pytest.stdout.log,reports/execution_command_logs/0026_final_full_pytest.stderr.log,PASS,,,
27,phase1_ordering_regression,python3 -m pytest -q tests/test_phase1_closure.py,.,2026-07-21T09:12:59.672699Z,2026-07-21T09:13:00.299312Z,0.626512,0,reports/execution_command_logs/0027_phase1_ordering_regression.stdout.log,reports/execution_command_logs/0027_phase1_ordering_regression.stderr.log,PASS,,,
28,quarantine_stale_inputs,sh -c 'mkdir -p artifacts/cvpr/quarantine/stale_inputs/555996a92c69/diagnostic artifacts/cvpr/quarantine/stale_inputs/555996a92c69/preflight && mv artifacts/cvpr/kaggle_inputs/diagnostic/certgen_kaggle_environment_diagnostic_input.zip artifacts/cvpr/quarantine/stale_inputs/555996a92c69/diagnostic/ && mv artifacts/cvpr/kaggle_inputs/diagnostic/certgen_kaggle_environment_diagnostic_input.zip.manifest.json artifacts/cvpr/quarantine/stale_inputs/555996a92c69/diagnostic/ && mv artifacts/cvpr/kaggle_inputs/diagnostic/certgen_kaggle_environment_diagnostic_input.zip.sha256 artifacts/cvpr/quarantine/stale_inputs/555996a92c69/diagnostic/ && mv artifacts/cvpr/kaggle_inputs/preflight/certgen_cvpr_preflight_input.zip artifacts/cvpr/quarantine/stale_inputs/555996a92c69/preflight/ && mv artifacts/cvpr/kaggle_inputs/preflight/certgen_cvpr_preflight_input.zip.manifest.json artifacts/cvpr/quarantine/stale_inputs/555996a92c69/preflight/ && mv artifacts/cvpr/kaggle_inputs/preflight/certgen_cvpr_preflight_input.zip.sha256 artifacts/cvpr/quarantine/stale_inputs/555996a92c69/preflight/',.,2026-07-21T09:13:12.258801Z,2026-07-21T09:13:12.272947Z,0.014048,0,reports/execution_command_logs/0028_quarantine_stale_inputs.stdout.log,reports/execution_command_logs/0028_quarantine_stale_inputs.stderr.log,PASS,artifacts/cvpr/quarantine/stale_inputs/555996a92c69/,valid immutable diagnostic/preflight inputs,
29,cpu_autorun,python3 scripts/run_all_available_cpu_stages.py --resume --explain,.,2026-07-21T09:13:12.341769Z,2026-07-21T09:13:12.610826Z,0.268951,30,reports/execution_command_logs/0029_cpu_autorun.stdout.log,reports/execution_command_logs/0029_cpu_autorun.stderr.log,FAIL,artifacts/cvpr/kaggle_inputs/diagnostic/certgen_kaggle_environment_diagnostic_input.zip;reports/CERTGEN_PHASE1_AUTORUN_STATUS.json,data/sources/cifar-10-python.tar.gz;registry/manifests/cvpr/cifar10_reference.jsonl;artifacts/cvpr/study/cifar_integrity_minimal.yaml;registry/manifests/cvpr/reference_draw_plan.json,WAITING_FOR_KAGGLE_DIAGNOSTIC
30,blocked_plan_regression,python3 -m pytest -q tests/test_phase1_closure.py tests/test_v6_cpu_kaggle_packaging.py,.,2026-07-21T09:13:26.996207Z,2026-07-21T09:13:27.648872Z,0.652561,0,reports/execution_command_logs/0030_blocked_plan_regression.stdout.log,reports/execution_command_logs/0030_blocked_plan_regression.stderr.log,PASS,,,
31,quarantine_stale_inputs,sh -c 'mkdir -p artifacts/cvpr/quarantine/stale_inputs/03aeb0876618/diagnostic artifacts/cvpr/quarantine/stale_inputs/03aeb0876618/preflight && mv artifacts/cvpr/kaggle_inputs/diagnostic/certgen_kaggle_environment_diagnostic_input.zip artifacts/cvpr/quarantine/stale_inputs/03aeb0876618/diagnostic/ && mv artifacts/cvpr/kaggle_inputs/diagnostic/certgen_kaggle_environment_diagnostic_input.zip.manifest.json artifacts/cvpr/quarantine/stale_inputs/03aeb0876618/diagnostic/ && mv artifacts/cvpr/kaggle_inputs/diagnostic/certgen_kaggle_environment_diagnostic_input.zip.sha256 artifacts/cvpr/quarantine/stale_inputs/03aeb0876618/diagnostic/ && mv artifacts/cvpr/kaggle_inputs/preflight/certgen_cvpr_preflight_input.zip artifacts/cvpr/quarantine/stale_inputs/03aeb0876618/preflight/ && mv artifacts/cvpr/kaggle_inputs/preflight/certgen_cvpr_preflight_input.zip.manifest.json artifacts/cvpr/quarantine/stale_inputs/03aeb0876618/preflight/ && mv artifacts/cvpr/kaggle_inputs/preflight/certgen_cvpr_preflight_input.zip.sha256 artifacts/cvpr/quarantine/stale_inputs/03aeb0876618/preflight/',.,2026-07-21T09:13:45.141204Z,2026-07-21T09:13:45.153884Z,0.012576,0,reports/execution_command_logs/0031_quarantine_stale_inputs.stdout.log,reports/execution_command_logs/0031_quarantine_stale_inputs.stderr.log,PASS,artifacts/cvpr/quarantine/stale_inputs/03aeb0876618/,valid immutable diagnostic/preflight inputs,
32,cpu_autorun,python3 scripts/run_all_available_cpu_stages.py --resume --explain,.,2026-07-21T09:13:45.223045Z,2026-07-21T09:13:46.314303Z,1.091131,11,reports/execution_command_logs/0032_cpu_autorun.stdout.log,reports/execution_command_logs/0032_cpu_autorun.stderr.log,EXPECTED_BOUNDARY,artifacts/cvpr/kaggle_inputs/diagnostic/certgen_kaggle_environment_diagnostic_input.zip;reports/CERTGEN_PHASE1_AUTORUN_STATUS.json,data/sources/cifar-10-python.tar.gz;registry/manifests/cvpr/cifar10_reference.jsonl;artifacts/cvpr/study/cifar_integrity_minimal.yaml;registry/manifests/cvpr/reference_draw_plan.json,WAITING_FOR_KAGGLE_DIAGNOSTIC
33,reporting,"python3 -c 'import json; from certgen.phase1.reporting import generate_phase1_reports; print(json.dumps(generate_phase1_reports(), indent=2, sort_keys=True))'",.,2026-07-21T09:13:52.848612Z,2026-07-21T09:13:52.989463Z,0.140751,0,reports/execution_command_logs/0033_reporting.stdout.log,reports/execution_command_logs/0033_reporting.stderr.log,PASS,CERTGEN_KAGGLE_RUN_LAUNCHBOARD.md;CERTGEN_KAGGLE_T4X2_EXECUTION_HANDBOOK.md;CERTGEN_KAGGLE_INPUT_BUNDLE_CATALOG.md;CERTGEN_KAGGLE_DEPENDENCY_AND_ASSET_GUIDE.md;reports/CERTGEN_PHASE1_CURRENT_STATE.json,,
34,confirmatory_family_regressions,python3 -m pytest -q tests/test_confirmatory_family_contract.py tests/test_cvpr_architecture.py tests/test_final_100_percent_pre_run.py tests/test_post_cache_final_closure.py,.,2026-07-21T09:15:11.276854Z,2026-07-21T09:15:14.236856Z,2.959895,1,reports/execution_command_logs/0034_confirmatory_family_regressions.stdout.log,reports/execution_command_logs/0034_confirmatory_family_regressions.stderr.log,FAIL,,,
35,confirmatory_family_regressions,python3 -m pytest -q tests/test_confirmatory_family_contract.py tests/test_cvpr_architecture.py tests/test_final_100_percent_pre_run.py tests/test_post_cache_final_closure.py,.,2026-07-21T09:15:42.694617Z,2026-07-21T09:15:47.384396Z,4.689647,0,reports/execution_command_logs/0035_confirmatory_family_regressions.stdout.log,reports/execution_command_logs/0035_confirmatory_family_regressions.stderr.log,PASS,,,
36,sanity_protocol_regressions,python3 -m pytest -q tests/test_feature_protocol_checks.py tests/test_cvpr_gates.py tests/test_post_cache_final_closure.py tests/test_confirmatory_family_contract.py tests/test_phase1_closure.py,.,2026-07-21T09:21:24.512400Z,2026-07-21T09:21:25.727632Z,1.215134,1,reports/execution_command_logs/0036_sanity_protocol_regressions.stdout.log,reports/execution_command_logs/0036_sanity_protocol_regressions.stderr.log,FAIL,,,
37,targeted_sanity_contract_tests,python3 -m pytest -q tests/test_feature_protocol_checks.py tests/test_cvpr_gates.py tests/test_post_cache_final_closure.py tests/test_confirmatory_family_contract.py tests/test_phase1_closure.py,.,2026-07-21T09:24:41.171631Z,2026-07-21T09:24:44.451413Z,3.279653,1,reports/execution_command_logs/0037_targeted_sanity_contract_tests.stdout.log,reports/execution_command_logs/0037_targeted_sanity_contract_tests.stderr.log,FAIL,,,
38,targeted_sanity_contract_tests_after_lineage_fix,python3 -m pytest -q tests/test_feature_protocol_checks.py tests/test_cvpr_gates.py tests/test_post_cache_final_closure.py tests/test_confirmatory_family_contract.py tests/test_phase1_closure.py,.,2026-07-21T09:25:01.817470Z,2026-07-21T09:25:04.978464Z,3.160867,0,reports/execution_command_logs/0038_targeted_sanity_contract_tests_after_lineage_fix.stdout.log,reports/execution_command_logs/0038_targeted_sanity_contract_tests_after_lineage_fix.stderr.log,PASS,,,
39,dispatcher_state_alignment_tests,python3 -m pytest -q tests/test_final_100_percent_pre_run.py tests/test_final_run_ready_closure.py tests/test_cvpr_architecture.py tests/test_v9_execution_supercharger.py,.,2026-07-21T09:26:45.588636Z,2026-07-21T09:26:49.635707Z,4.046944,1,reports/execution_command_logs/0039_dispatcher_state_alignment_tests.stdout.log,reports/execution_command_logs/0039_dispatcher_state_alignment_tests.stderr.log,FAIL,,,
40,dispatcher_state_alignment_tests_after_family_fix,python3 -m pytest -q tests/test_final_100_percent_pre_run.py tests/test_final_run_ready_closure.py tests/test_cvpr_architecture.py tests/test_v9_execution_supercharger.py,.,2026-07-21T09:27:01.242254Z,2026-07-21T09:27:04.794198Z,3.551812,1,reports/execution_command_logs/0040_dispatcher_state_alignment_tests_after_family_fix.stdout.log,reports/execution_command_logs/0040_dispatcher_state_alignment_tests_after_family_fix.stderr.log,FAIL,,,
41,full_pytest_after_scientific_repairs,python3 -m pytest -q,.,2026-07-21T09:27:44.198632Z,2026-07-21T09:27:55.449322Z,11.250492,1,reports/execution_command_logs/0041_full_pytest_after_scientific_repairs.stdout.log,reports/execution_command_logs/0041_full_pytest_after_scientific_repairs.stderr.log,FAIL,,,
42,synthetic_runtime_protocol_regression,python3 -m pytest -q tests/test_real_execution_closure.py::test_synthetic_real_contract_uses_all_21_stages,.,2026-07-21T09:28:30.404776Z,2026-07-21T09:28:31.441373Z,1.036482,0,reports/execution_command_logs/0042_synthetic_runtime_protocol_regression.stdout.log,reports/execution_command_logs/0042_synthetic_runtime_protocol_regression.stderr.log,PASS,,,
43,full_pytest_final_source_contract,python3 -m pytest -q,.,2026-07-21T09:28:53.313981Z,2026-07-21T09:29:04.470761Z,11.156622,0,reports/execution_command_logs/0043_full_pytest_final_source_contract.stdout.log,reports/execution_command_logs/0043_full_pytest_final_source_contract.stderr.log,PASS,,,
44,cpu_autorun_rebuild_corrected_boundary,python3 scripts/run_all_available_cpu_stages.py --resume --explain,.,2026-07-21T09:29:30.116106Z,2026-07-21T09:29:31.441201Z,1.324949,11,reports/execution_command_logs/0044_cpu_autorun_rebuild_corrected_boundary.stdout.log,reports/execution_command_logs/0044_cpu_autorun_rebuild_corrected_boundary.stderr.log,EXPECTED_BOUNDARY,"corrected frozen study, scale plan, sensitivity registry, reference draw, diagnostic/preflight input bundles, handoff reports",validated CIFAR-10 reference manifest and canonical archive,WAITING_FOR_KAGGLE_DIAGNOSTIC
45,artifact_registry_versioning_tests,python3 -m pytest -q tests/test_engineering_evidence_safety.py tests/test_maximum_ceiling.py,.,2026-07-21T09:31:27.153378Z,2026-07-21T09:31:29.207812Z,2.054319,1,reports/execution_command_logs/0045_artifact_registry_versioning_tests.stdout.log,reports/execution_command_logs/0045_artifact_registry_versioning_tests.stderr.log,FAIL,,,
46,provenance_versioning_regression,python3 -m pytest -q tests/test_engineering_evidence_safety.py tests/test_maximum_ceiling.py,.,2026-07-21T09:31:51.270932Z,2026-07-21T09:31:53.689081Z,2.418039,1,reports/execution_command_logs/0046_provenance_versioning_regression.stdout.log,reports/execution_command_logs/0046_provenance_versioning_regression.stderr.log,FAIL,,,
47,provenance_versioning_regression_after_scope_fix,python3 -m pytest -q tests/test_engineering_evidence_safety.py tests/test_maximum_ceiling.py,.,2026-07-21T09:32:14.188068Z,2026-07-21T09:32:16.749095Z,2.560902,0,reports/execution_command_logs/0047_provenance_versioning_regression_after_scope_fix.stdout.log,reports/execution_command_logs/0047_provenance_versioning_regression_after_scope_fix.stderr.log,PASS,,,
48,cpu_autorun_rebuild_after_provenance_fix,python3 scripts/run_all_available_cpu_stages.py --resume --explain,.,2026-07-21T09:32:31.170962Z,2026-07-21T09:32:32.273043Z,1.101968,11,reports/execution_command_logs/0048_cpu_autorun_rebuild_after_provenance_fix.stdout.log,reports/execution_command_logs/0048_cpu_autorun_rebuild_after_provenance_fix.stderr.log,EXPECTED_BOUNDARY,source-current diagnostic/preflight input bundles and refreshed handoff reports,"corrected frozen study, draw, CIFAR reference",WAITING_FOR_KAGGLE_DIAGNOSTIC
49,compileall_final,python3 -m compileall -q certgen scripts tests,.,2026-07-21T09:32:44.628986Z,2026-07-21T09:32:44.731914Z,0.102812,0,reports/execution_command_logs/0049_compileall_final.stdout.log,reports/execution_command_logs/0049_compileall_final.stderr.log,PASS,,,
50,import_surface_final,"python3 -c 'import certgen; import certgen.cvpr; import certgen.phase1; import certgen.features.protocol_checks; print(""imports_ok"")'",.,2026-07-21T09:32:44.802878Z,2026-07-21T09:32:44.894994Z,0.092005,0,reports/execution_command_logs/0050_import_surface_final.stdout.log,reports/execution_command_logs/0050_import_surface_final.stderr.log,PASS,,,
51,ruff_final,python3 -m ruff check certgen scripts tests,.,2026-07-21T09:32:44.966365Z,2026-07-21T09:32:45.024219Z,0.057748,0,reports/execution_command_logs/0051_ruff_final.stdout.log,reports/execution_command_logs/0051_ruff_final.stderr.log,PASS,,,
52,mypy_changed_code_final,python3 -m mypy --no-incremental --follow-imports=skip certgen/cvpr/controls.py certgen/cvpr/image_manifest.py certgen/cvpr/prepare.py certgen/pipeline/v9_next_action.py certgen/cvpr/readiness.py certgen/max_ceiling/contracts.py certgen/max_ceiling/provenance.py certgen/packaging/artifact_registry.py certgen/cvpr/reference_draw.py certgen/cvpr/profiles.py certgen/cvpr/study.py certgen/cvpr/operational.py certgen/phase1/kaggle.py certgen/audit/v9_execution_supercharger_audit.py certgen/features/protocol_checks.py certgen/notebooks/workers/feature_worker.py certgen/cvpr/feature_merge.py certgen/cvpr/post_cache.py certgen/cvpr/gates.py certgen/cvpr/synthetic_runtime.py certgen/cvpr/builder_faithful.py scripts/run_all_available_cpu_stages.py scripts/execution_command_runner.py,.,2026-07-21T09:32:56.837032Z,2026-07-21T09:32:58.535452Z,1.698312,0,reports/execution_command_logs/0052_mypy_changed_code_final.stdout.log,reports/execution_command_logs/0052_mypy_changed_code_final.stderr.log,PASS,,,
53,mypy_full_historical_baseline,python3 -m mypy --no-incremental certgen,.,2026-07-21T09:33:03.772248Z,2026-07-21T09:33:26.622234Z,22.849758,1,reports/execution_command_logs/0053_mypy_full_historical_baseline.stdout.log,reports/execution_command_logs/0053_mypy_full_historical_baseline.stderr.log,EXPECTED_BOUNDARY,,,historical pre-existing whole-repository mypy debt permitted only if not increased
54,notebook_generate_final,python3 -m certgen notebooks generate --json,.,2026-07-21T09:33:31.185360Z,2026-07-21T09:33:31.301446Z,0.115987,0,reports/execution_command_logs/0054_notebook_generate_final.stdout.log,reports/execution_command_logs/0054_notebook_generate_final.stderr.log,PASS,,,
55,notebook_determinism_final,python3 -m certgen notebooks check-determinism --json,.,2026-07-21T09:33:31.371741Z,2026-07-21T09:33:31.488489Z,0.116643,0,reports/execution_command_logs/0055_notebook_determinism_final.stdout.log,reports/execution_command_logs/0055_notebook_determinism_final.stderr.log,PASS,,,
56,integration_audits_final,python3 -m pytest -q -m integration,.,2026-07-21T09:33:37.334008Z,2026-07-21T09:33:37.981997Z,0.647874,5,reports/execution_command_logs/0056_integration_audits_final.stdout.log,reports/execution_command_logs/0056_integration_audits_final.stderr.log,FAIL,,,
57,integration_audits_final_correct_marker,python3 -m pytest -q -m integration_audit,.,2026-07-21T09:33:52.750200Z,2026-07-21T09:34:36.891896Z,44.141346,0,reports/execution_command_logs/0057_integration_audits_final_correct_marker.stdout.log,reports/execution_command_logs/0057_integration_audits_final_correct_marker.stderr.log,PASS,,,
58,full_pytest_final_verified,python3 -m pytest -q,.,2026-07-21T09:34:46.276364Z,2026-07-21T09:34:57.171625Z,10.895090,0,reports/execution_command_logs/0058_full_pytest_final_verified.stdout.log,reports/execution_command_logs/0058_full_pytest_final_verified.stderr.log,PASS,,,
59,privacy_scan_final,"python3 -c 'from certgen.release.privacy_scan import scan_privacy; issues=scan_privacy(); print({""passed"": not issues, ""issues"": issues}); raise SystemExit(bool(issues))'",.,2026-07-21T09:35:33.363547Z,2026-07-21T09:35:33.419186Z,0.055533,0,reports/execution_command_logs/0059_privacy_scan_final.stdout.log,reports/execution_command_logs/0059_privacy_scan_final.stderr.log,PASS,,,
60,release_safety_scan_final,python3 -m certgen.audit.release_safety_v5,.,2026-07-21T09:35:33.489065Z,2026-07-21T09:35:33.607655Z,0.118473,0,reports/execution_command_logs/0060_release_safety_scan_final.stdout.log,reports/execution_command_logs/0060_release_safety_scan_final.stderr.log,PASS,,,
61,audit_paper_final,python3 -m certgen audit paper --json,.,2026-07-21T09:35:44.452652Z,2026-07-21T09:35:44.567024Z,0.114270,0,reports/execution_command_logs/0061_audit_paper_final.stdout.log,reports/execution_command_logs/0061_audit_paper_final.stderr.log,PASS,,,
62,audit_artifact_registry_final,python3 -m certgen audit artifact-registry --json,.,2026-07-21T09:35:44.636790Z,2026-07-21T09:35:44.746138Z,0.109243,0,reports/execution_command_logs/0062_audit_artifact_registry_final.stdout.log,reports/execution_command_logs/0062_audit_artifact_registry_final.stderr.log,PASS,,,
63,audit_registries_final,python3 -m certgen audit registries --json,.,2026-07-21T09:35:44.815425Z,2026-07-21T09:35:44.942618Z,0.127095,0,reports/execution_command_logs/0063_audit_registries_final.stdout.log,reports/execution_command_logs/0063_audit_registries_final.stderr.log,PASS,,,
64,audit_cvpr_final,python3 -m certgen audit cvpr --json,.,2026-07-21T09:35:45.011910Z,2026-07-21T09:35:45.193204Z,0.181185,2,reports/execution_command_logs/0064_audit_cvpr_final.stdout.log,reports/execution_command_logs/0064_audit_cvpr_final.stderr.log,FAIL,,,
65,audit_final_pre_run_final,python3 -m certgen audit final-pre-run --json,.,2026-07-21T09:36:40.396479Z,2026-07-21T09:36:41.471716Z,1.075119,2,reports/execution_command_logs/0065_audit_final_pre_run_final.stdout.log,reports/execution_command_logs/0065_audit_final_pre_run_final.stderr.log,FAIL,,,
66,audit_maximum_ceiling_final,python3 -m certgen audit maximum-ceiling --json,.,2026-07-21T09:36:41.543320Z,2026-07-21T09:36:42.971648Z,1.428205,0,reports/execution_command_logs/0066_audit_maximum_ceiling_final.stdout.log,reports/execution_command_logs/0066_audit_maximum_ceiling_final.stderr.log,PASS,,,
67,audit_kaggle_launch_final,python3 -m certgen audit kaggle-launch --json,.,2026-07-21T09:36:43.043710Z,2026-07-21T09:36:43.318449Z,0.274628,0,reports/execution_command_logs/0067_audit_kaggle_launch_final.stdout.log,reports/execution_command_logs/0067_audit_kaggle_launch_final.stderr.log,PASS,,,
68,audit_cpu_execution_final,python3 -m certgen audit cpu-execution --json,.,2026-07-21T09:36:43.389109Z,2026-07-21T09:36:43.556128Z,0.166913,0,reports/execution_command_logs/0068_audit_cpu_execution_final.stdout.log,reports/execution_command_logs/0068_audit_cpu_execution_final.stderr.log,PASS,,,
69,final_pre_run_audit_after_contract_update,python3 -m certgen audit final-pre-run --json,.,2026-07-21T09:37:25.008351Z,2026-07-21T09:37:26.073996Z,1.065541,0,reports/execution_command_logs/0069_final_pre_run_audit_after_contract_update.stdout.log,reports/execution_command_logs/0069_final_pre_run_audit_after_contract_update.stderr.log,PASS,,,
70,release_archive_build_final,python3 -m certgen release build-archive --out dist/certgen_execution_pass_20260721.zip,.,2026-07-21T09:38:53.088613Z,2026-07-21T09:38:56.320874Z,3.232136,0,reports/execution_command_logs/0070_release_archive_build_final.stdout.log,reports/execution_command_logs/0070_release_archive_build_final.stderr.log,PASS,dist/certgen_execution_pass_20260721.zip and manifest,,
71,paper_compile_pass1,pdflatex -interaction=nonstopmode -halt-on-error main.tex,paper,2026-07-21T09:39:21.632812Z,2026-07-21T09:39:21.781109Z,0.148191,0,reports/execution_command_logs/0071_paper_compile_pass1.stdout.log,reports/execution_command_logs/0071_paper_compile_pass1.stderr.log,PASS,,,
72,paper_compile_pass2,pdflatex -interaction=nonstopmode -halt-on-error main.tex,paper,2026-07-21T09:39:21.851744Z,2026-07-21T09:39:21.955530Z,0.103674,0,reports/execution_command_logs/0072_paper_compile_pass2.stdout.log,reports/execution_command_logs/0072_paper_compile_pass2.stderr.log,PASS,,,
73,cpu_autorun_final_portable_rebuild,python3 scripts/run_all_available_cpu_stages.py --resume --explain,.,2026-07-21T09:41:13.165729Z,2026-07-21T09:41:14.345840Z,1.179995,11,reports/execution_command_logs/0073_cpu_autorun_final_portable_rebuild.stdout.log,reports/execution_command_logs/0073_cpu_autorun_final_portable_rebuild.stderr.log,EXPECTED_BOUNDARY,portable current draw and source-current Kaggle inputs,frozen study and validated CIFAR reference,WAITING_FOR_KAGGLE_DIAGNOSTIC
74,generate_required_execution_reports,python3 scripts/generate_execution_reports.py,.,2026-07-21T09:44:13.472644Z,2026-07-21T09:44:54.100369Z,40.627442,0,reports/execution_command_logs/0074_generate_required_execution_reports.stdout.log,reports/execution_command_logs/0074_generate_required_execution_reports.stderr.log,PASS,"required execution, handoff, scientific-boundary, release, large-file, and GitHub publication reports",,GITHUB_CLI_REQUIRED
75,generate_required_execution_reports_final,python3 scripts/generate_execution_reports.py,.,2026-07-21T09:45:24.208680Z,2026-07-21T09:45:25.056704Z,0.847916,0,reports/execution_command_logs/0075_generate_required_execution_reports_final.stdout.log,reports/execution_command_logs/0075_generate_required_execution_reports_final.stderr.log,PASS,"required execution, handoff, scientific-boundary, release, large-file, and GitHub publication reports",,GITHUB_CLI_REQUIRED
76,compileall_postseal,python3 -m compileall -q certgen scripts tests,.,2026-07-21T09:46:14.034878Z,2026-07-21T09:46:14.118270Z,0.083285,0,reports/execution_command_logs/0076_compileall_postseal.stdout.log,reports/execution_command_logs/0076_compileall_postseal.stderr.log,PASS,,,
77,ruff_postseal,python3 -m ruff check certgen scripts tests,.,2026-07-21T09:46:14.187140Z,2026-07-21T09:46:14.247475Z,0.060233,1,reports/execution_command_logs/0077_ruff_postseal.stdout.log,reports/execution_command_logs/0077_ruff_postseal.stderr.log,FAIL,,,
78,mypy_postseal_changed,python3 -m mypy --no-incremental --follow-imports=skip certgen/audit/cvpr_final_audit.py certgen/audit/final_pre_run_audit.py certgen/cvpr/reference_draw.py certgen/packaging/artifact_registry.py scripts/execution_command_runner.py scripts/generate_execution_reports.py,.,2026-07-21T09:46:14.316379Z,2026-07-21T09:46:15.712359Z,1.395850,0,reports/execution_command_logs/0078_mypy_postseal_changed.stdout.log,reports/execution_command_logs/0078_mypy_postseal_changed.stderr.log,PASS,,,
79,full_pytest_postseal,python3 -m pytest -q,.,2026-07-21T09:46:34.721278Z,2026-07-21T09:46:45.809602Z,11.088164,1,reports/execution_command_logs/0079_full_pytest_postseal.stdout.log,reports/execution_command_logs/0079_full_pytest_postseal.stderr.log,FAIL,,,
80,provenance_current_version_regression,python3 -m pytest -q tests/test_maximum_ceiling.py,.,2026-07-21T09:47:32.868336Z,2026-07-21T09:47:35.141684Z,2.273230,0,reports/execution_command_logs/0080_provenance_current_version_regression.stdout.log,reports/execution_command_logs/0080_provenance_current_version_regression.stderr.log,PASS,,,
81,cpu_autorun_final_source_hash,python3 scripts/run_all_available_cpu_stages.py --resume --explain,.,2026-07-21T09:47:50.154855Z,2026-07-21T09:47:51.327027Z,1.172055,11,reports/execution_command_logs/0081_cpu_autorun_final_source_hash.stdout.log,reports/execution_command_logs/0081_cpu_autorun_final_source_hash.stderr.log,EXPECTED_BOUNDARY,final source-hash-bound diagnostic/preflight inputs,"frozen study, portable draw, validated CIFAR reference",WAITING_FOR_KAGGLE_DIAGNOSTIC
82,full_pytest_final_seal,python3 -m pytest -q,.,2026-07-21T09:47:55.978816Z,2026-07-21T09:48:06.522222Z,10.543252,0,reports/execution_command_logs/0082_full_pytest_final_seal.stdout.log,reports/execution_command_logs/0082_full_pytest_final_seal.stderr.log,PASS,,,
83,integration_audits_final_seal,python3 -m pytest -q -m integration_audit,.,2026-07-21T09:48:13.722870Z,2026-07-21T09:48:58.424258Z,44.701047,1,reports/execution_command_logs/0083_integration_audits_final_seal.stdout.log,reports/execution_command_logs/0083_integration_audits_final_seal.stderr.log,FAIL,,,
84,integration_audits_final_after_paper_cleanup,python3 -m pytest -q -m integration_audit,.,2026-07-21T09:49:46.243844Z,2026-07-21T09:50:30.983362Z,44.739181,0,reports/execution_command_logs/0084_integration_audits_final_after_paper_cleanup.stdout.log,reports/execution_command_logs/0084_integration_audits_final_after_paper_cleanup.stderr.log,PASS,,,
85,ruff_final_seal,python3 -m ruff check certgen scripts tests,.,2026-07-21T09:50:49.330353Z,2026-07-21T09:50:49.386313Z,0.055860,0,reports/execution_command_logs/0085_ruff_final_seal.stdout.log,reports/execution_command_logs/0085_ruff_final_seal.stderr.log,PASS,,,
86,release_archive_final_source,python3 -m certgen release build-archive --out dist/certgen_execution_pass_20260721_final.zip,.,2026-07-21T09:52:19.104926Z,2026-07-21T09:52:22.380518Z,3.275472,0,reports/execution_command_logs/0086_release_archive_final_source.stdout.log,reports/execution_command_logs/0086_release_archive_final_source.stderr.log,PASS,dist/certgen_execution_pass_20260721_final.zip and manifest,,
87,changed_code_mypy_final,python3 -m mypy certgen/max_ceiling/provenance.py certgen/packaging/artifact_registry.py certgen/cvpr/reference_draw.py certgen/audit/cvpr_final_audit.py certgen/audit/final_pre_run_audit.py scripts/execution_command_runner.py scripts/generate_execution_reports.py,.,2026-07-21T09:52:29.373055Z,2026-07-21T09:52:42.819138Z,13.445900,1,reports/execution_command_logs/0087_changed_code_mypy_final.stdout.log,reports/execution_command_logs/0087_changed_code_mypy_final.stderr.log,FAIL,reports/command_ledger.jsonl,,
88,changed_code_mypy_final_retry,python3 -m mypy certgen/core/hashing.py certgen/max_ceiling/provenance.py certgen/packaging/artifact_registry.py certgen/cvpr/reference_draw.py certgen/audit/cvpr_final_audit.py certgen/audit/final_pre_run_audit.py scripts/execution_command_runner.py scripts/generate_execution_reports.py,.,2026-07-21T09:52:58.457784Z,2026-07-21T09:53:05.402846Z,6.944931,0,reports/execution_command_logs/0088_changed_code_mypy_final_retry.stdout.log,reports/execution_command_logs/0088_changed_code_mypy_final_retry.stderr.log,PASS,reports/command_ledger.jsonl,,
89,release_archive_final_source_sealed,python3 -m certgen release build-archive --out dist/certgen_execution_pass_20260721_final.zip,.,2026-07-21T09:53:40.189208Z,2026-07-21T09:53:40.301752Z,0.112441,1,reports/execution_command_logs/0089_release_archive_final_source_sealed.stdout.log,reports/execution_command_logs/0089_release_archive_final_source_sealed.stderr.log,FAIL,dist/certgen_execution_pass_20260721_final.zip and manifest,,
90,release_archive_final_source_sealed_retry,python3 -m certgen release build-archive --out dist/certgen_execution_pass_20260721_final.zip,.,2026-07-21T09:53:54.172340Z,2026-07-21T09:53:57.773878Z,3.601410,1,reports/execution_command_logs/0090_release_archive_final_source_sealed_retry.stdout.log,reports/execution_command_logs/0090_release_archive_final_source_sealed_retry.stderr.log,FAIL,dist/certgen_execution_pass_20260721_final.zip and manifest,,
91,release_archive_final_source_sealed_retry2,python3 -m certgen release build-archive --out dist/certgen_execution_pass_20260721_final.zip,.,2026-07-21T09:54:10.248514Z,2026-07-21T09:54:13.283297Z,3.034663,0,reports/execution_command_logs/0091_release_archive_final_source_sealed_retry2.stdout.log,reports/execution_command_logs/0091_release_archive_final_source_sealed_retry2.stderr.log,PASS,dist/certgen_execution_pass_20260721_final.zip and manifest,,
92,generate_required_execution_reports_release_seal,python3 scripts/generate_execution_reports.py,.,2026-07-21T09:54:20.776967Z,2026-07-21T09:54:21.613536Z,0.836449,0,reports/execution_command_logs/0092_generate_required_execution_reports_release_seal.stdout.log,reports/execution_command_logs/0092_generate_required_execution_reports_release_seal.stderr.log,PASS,required root and reports execution handoff documents,,
93,final_audit_paper,python3 -m certgen audit paper --json,.,2026-07-21T09:54:28.633475Z,2026-07-21T09:54:28.748118Z,0.114535,0,reports/execution_command_logs/0093_final_audit_paper.stdout.log,reports/execution_command_logs/0093_final_audit_paper.stderr.log,PASS,reports/command_ledger.jsonl,,
94,final_audit_artifact_registry,python3 -m certgen audit artifact-registry --json,.,2026-07-21T09:54:28.828859Z,2026-07-21T09:54:28.939628Z,0.110641,0,reports/execution_command_logs/0094_final_audit_artifact_registry.stdout.log,reports/execution_command_logs/0094_final_audit_artifact_registry.stderr.log,PASS,reports/command_ledger.jsonl,,
95,final_audit_registries,python3 -m certgen audit registries --json,.,2026-07-21T09:54:29.018178Z,2026-07-21T09:54:29.146603Z,0.128314,0,reports/execution_command_logs/0095_final_audit_registries.stdout.log,reports/execution_command_logs/0095_final_audit_registries.stderr.log,PASS,reports/command_ledger.jsonl,,
96,final_audit_cvpr,python3 -m certgen audit cvpr --json,.,2026-07-21T09:54:29.226573Z,2026-07-21T09:54:29.408872Z,0.182183,0,reports/execution_command_logs/0096_final_audit_cvpr.stdout.log,reports/execution_command_logs/0096_final_audit_cvpr.stderr.log,PASS,reports/command_ledger.jsonl,,
97,final_audit_final_pre_run,python3 -m certgen audit final-pre-run --json,.,2026-07-21T09:54:29.488387Z,2026-07-21T09:54:30.612040Z,1.123547,0,reports/execution_command_logs/0097_final_audit_final_pre_run.stdout.log,reports/execution_command_logs/0097_final_audit_final_pre_run.stderr.log,PASS,reports/command_ledger.jsonl,,
98,final_audit_maximum_ceiling,python3 -m certgen audit maximum-ceiling --json,.,2026-07-21T09:54:30.708126Z,2026-07-21T09:54:32.180561Z,1.472277,0,reports/execution_command_logs/0098_final_audit_maximum_ceiling.stdout.log,reports/execution_command_logs/0098_final_audit_maximum_ceiling.stderr.log,PASS,reports/command_ledger.jsonl,,
99,final_audit_kaggle_launch,python3 -m certgen audit kaggle-launch --json,.,2026-07-21T09:54:32.262180Z,2026-07-21T09:54:32.535692Z,0.273401,0,reports/execution_command_logs/0099_final_audit_kaggle_launch.stdout.log,reports/execution_command_logs/0099_final_audit_kaggle_launch.stderr.log,PASS,reports/command_ledger.jsonl,,
100,final_audit_cpu_execution,python3 -m certgen audit cpu-execution --json,.,2026-07-21T09:54:32.616922Z,2026-07-21T09:54:32.764573Z,0.147541,0,reports/execution_command_logs/0100_final_audit_cpu_execution.stdout.log,reports/execution_command_logs/0100_final_audit_cpu_execution.stderr.log,PASS,reports/command_ledger.jsonl,,
101,release_archive_final_clean_checkpoint,python3 -m certgen release build-archive --out dist/certgen_execution_pass_20260721_final.zip,.,2026-07-21T17:30:40.311845Z,2026-07-21T17:30:45.049865Z,4.737687,0,reports/execution_command_logs/0101_release_archive_final_clean_checkpoint.stdout.log,reports/execution_command_logs/0101_release_archive_final_clean_checkpoint.stderr.log,PASS,dist/certgen_execution_pass_20260721_final.zip and manifest,,
