scenario,dimension,gamma,frozen_confirmatory_gamma,replicates,mean_effect,between_replicate_effect_sd,power,power_wilson_95,mean_stopping_time,policy_status,synthetic_validation_only,not_real_generator_evidence,not_empirical_paper_evidence,claim_allowed
near_tie,64,0.125,False,25,-0.000541727769166328,0.0022869892753513556,0.0,"[0.0, 0.13319225093904846]",500.0,PROSPECTIVE_PLANNING_ONLY_NEW_STUDY_REQUIRED,True,True,True,False
near_tie,64,0.25,False,25,-0.0008639205980416629,0.0035786197727545157,0.0,"[0.0, 0.13319225093904846]",500.0,PROSPECTIVE_PLANNING_ONLY_NEW_STUDY_REQUIRED,True,True,True,False
near_tie,64,0.5,True,25,-0.0011014611522059746,0.004401708980911907,0.0,"[0.0, 0.13319225093904846]",500.0,FROZEN_CONFIRMATORY_UNCHANGED,True,True,True,False
near_tie,64,1.0,False,25,-0.0009031978224004697,0.003392618152101895,0.0,"[0.0, 0.13319225093904846]",500.0,PROSPECTIVE_PLANNING_ONLY_NEW_STUDY_REQUIRED,True,True,True,False
near_tie,64,2.0,False,25,-0.00031189773159949886,0.0010838250278963782,0.0,"[0.0, 0.13319225093904846]",500.0,PROSPECTIVE_PLANNING_ONLY_NEW_STUDY_REQUIRED,True,True,True,False
covariance_perturbation,64,0.125,False,25,0.0004713093942737397,0.0026513888265098087,0.0,"[0.0, 0.13319225093904846]",500.0,PROSPECTIVE_PLANNING_ONLY_NEW_STUDY_REQUIRED,True,True,True,False
covariance_perturbation,64,0.25,False,25,0.0007214743631502079,0.004162347434692179,0.0,"[0.0, 0.13319225093904846]",500.0,PROSPECTIVE_PLANNING_ONLY_NEW_STUDY_REQUIRED,True,True,True,False
covariance_perturbation,64,0.5,True,25,0.0008487585289376351,0.005147837035815434,0.0,"[0.0, 0.13319225093904846]",500.0,FROZEN_CONFIRMATORY_UNCHANGED,True,True,True,False
covariance_perturbation,64,1.0,False,25,0.0005978514214820556,0.003993887817887201,0.0,"[0.0, 0.13319225093904846]",500.0,PROSPECTIVE_PLANNING_ONLY_NEW_STUDY_REQUIRED,True,True,True,False
covariance_perturbation,64,2.0,False,25,0.00016134478756170273,0.001271864635296822,0.0,"[0.0, 0.13319225093904846]",500.0,PROSPECTIVE_PLANNING_ONLY_NEW_STUDY_REQUIRED,True,True,True,False
symmetric_multimodal_shift,64,0.125,False,25,-0.0023177354234340856,0.011070772399508762,0.0,"[0.0, 0.13319225093904846]",500.0,PROSPECTIVE_PLANNING_ONLY_NEW_STUDY_REQUIRED,True,True,True,False
symmetric_multimodal_shift,64,0.25,False,25,-0.00918732798531544,0.017329669906714095,0.0,"[0.0, 0.13319225093904846]",500.0,PROSPECTIVE_PLANNING_ONLY_NEW_STUDY_REQUIRED,True,True,True,False
symmetric_multimodal_shift,64,0.5,True,25,-0.026580581459534135,0.021778722834194977,0.0,"[0.0, 0.13319225093904846]",500.0,FROZEN_CONFIRMATORY_UNCHANGED,True,True,True,False
symmetric_multimodal_shift,64,1.0,False,25,-0.05476872274414614,0.019067413978972155,0.0,"[0.0, 0.13319225093904846]",500.0,PROSPECTIVE_PLANNING_ONLY_NEW_STUDY_REQUIRED,True,True,True,False
symmetric_multimodal_shift,64,2.0,False,25,-0.07471596152938849,0.01074425494756108,0.0,"[0.0, 0.13319225093904846]",500.0,PROSPECTIVE_PLANNING_ONLY_NEW_STUDY_REQUIRED,True,True,True,False
mode_dropping,64,0.125,False,25,-0.007199102010499827,0.010777102175855103,0.0,"[0.0, 0.13319225093904846]",500.0,PROSPECTIVE_PLANNING_ONLY_NEW_STUDY_REQUIRED,True,True,True,False
mode_dropping,64,0.25,False,25,-0.024197498591701762,0.016975885448665268,0.0,"[0.0, 0.13319225093904846]",500.0,PROSPECTIVE_PLANNING_ONLY_NEW_STUDY_REQUIRED,True,True,True,False
mode_dropping,64,0.5,True,25,-0.062152045869689455,0.021492562917018877,0.0,"[0.0, 0.13319225093904846]",500.0,FROZEN_CONFIRMATORY_UNCHANGED,True,True,True,False
mode_dropping,64,1.0,False,25,-0.10218741256612274,0.018620721555079937,0.0,"[0.0, 0.13319225093904846]",500.0,PROSPECTIVE_PLANNING_ONLY_NEW_STUDY_REQUIRED,True,True,True,False
mode_dropping,64,2.0,False,25,-0.08030185951008596,0.009131061976484518,0.0,"[0.0, 0.13319225093904846]",500.0,PROSPECTIVE_PLANNING_ONLY_NEW_STUDY_REQUIRED,True,True,True,False
dense_weak_high_dimensional_shift,64,0.125,False,25,-0.0010598095075267544,0.002875283902474667,0.0,"[0.0, 0.13319225093904846]",500.0,PROSPECTIVE_PLANNING_ONLY_NEW_STUDY_REQUIRED,True,True,True,False
dense_weak_high_dimensional_shift,64,0.25,False,25,-0.0016654932290160096,0.0044959816171734526,0.0,"[0.0, 0.13319225093904846]",500.0,PROSPECTIVE_PLANNING_ONLY_NEW_STUDY_REQUIRED,True,True,True,False
dense_weak_high_dimensional_shift,64,0.5,True,25,-0.0020592125464343504,0.005518623811331767,0.0,"[0.0, 0.13319225093904846]",500.0,FROZEN_CONFIRMATORY_UNCHANGED,True,True,True,False
dense_weak_high_dimensional_shift,64,1.0,False,25,-0.001584068334308076,0.004223801160083015,0.0,"[0.0, 0.13319225093904846]",500.0,PROSPECTIVE_PLANNING_ONLY_NEW_STUDY_REQUIRED,True,True,True,False
dense_weak_high_dimensional_shift,64,2.0,False,25,-0.0004848059283838579,0.00131563339539295,0.0,"[0.0, 0.13319225093904846]",500.0,PROSPECTIVE_PLANNING_ONLY_NEW_STUDY_REQUIRED,True,True,True,False
near_tie,768,0.125,False,25,-6.475591972765725e-05,0.0009912557046731197,0.0,"[0.0, 0.13319225093904846]",500.0,PROSPECTIVE_PLANNING_ONLY_NEW_STUDY_REQUIRED,True,True,True,False
near_tie,768,0.25,False,25,-0.00010249665357037394,0.0015437386751691044,0.0,"[0.0, 0.13319225093904846]",500.0,PROSPECTIVE_PLANNING_ONLY_NEW_STUDY_REQUIRED,True,True,True,False
near_tie,768,0.5,True,25,-0.0001282958711676038,0.0018725675766069316,0.0,"[0.0, 0.13319225093904846]",500.0,FROZEN_CONFIRMATORY_UNCHANGED,True,True,True,False
near_tie,768,1.0,False,25,-0.00010023976577244836,0.0013791298244784868,0.0,"[0.0, 0.13319225093904846]",500.0,PROSPECTIVE_PLANNING_ONLY_NEW_STUDY_REQUIRED,True,True,True,False
near_tie,768,2.0,False,25,-3.034924306547016e-05,0.00037565984844914235,0.0,"[0.0, 0.13319225093904846]",500.0,PROSPECTIVE_PLANNING_ONLY_NEW_STUDY_REQUIRED,True,True,True,False
covariance_perturbation,768,0.125,False,25,-0.000260215577386907,0.0007200858941293518,0.0,"[0.0, 0.13319225093904846]",500.0,PROSPECTIVE_PLANNING_ONLY_NEW_STUDY_REQUIRED,True,True,True,False
covariance_perturbation,768,0.25,False,25,-0.0004064299005467399,0.0011231726565861867,0.0,"[0.0, 0.13319225093904846]",500.0,PROSPECTIVE_PLANNING_ONLY_NEW_STUDY_REQUIRED,True,True,True,False
covariance_perturbation,768,0.5,True,25,-0.0004958792755814043,0.0013668160612790102,0.0,"[0.0, 0.13319225093904846]",500.0,FROZEN_CONFIRMATORY_UNCHANGED,True,True,True,False
covariance_perturbation,768,1.0,False,25,-0.0003694820564292153,0.0010136285948019635,0.0,"[0.0, 0.13319225093904846]",500.0,PROSPECTIVE_PLANNING_ONLY_NEW_STUDY_REQUIRED,True,True,True,False
covariance_perturbation,768,2.0,False,25,-0.00010301481257780295,0.0002804383843991008,0.0,"[0.0, 0.13319225093904846]",500.0,PROSPECTIVE_PLANNING_ONLY_NEW_STUDY_REQUIRED,True,True,True,False
symmetric_multimodal_shift,768,0.125,False,25,-0.0007930615588712976,0.01205328727692467,0.0,"[0.0, 0.13319225093904846]",500.0,PROSPECTIVE_PLANNING_ONLY_NEW_STUDY_REQUIRED,True,True,True,False
symmetric_multimodal_shift,768,0.25,False,25,-0.006743782488839305,0.018967627254251048,0.0,"[0.0, 0.13319225093904846]",500.0,PROSPECTIVE_PLANNING_ONLY_NEW_STUDY_REQUIRED,True,True,True,False
symmetric_multimodal_shift,768,0.5,True,25,-0.023375529350796728,0.02400703436128339,0.0,"[0.0, 0.13319225093904846]",500.0,FROZEN_CONFIRMATORY_UNCHANGED,True,True,True,False
symmetric_multimodal_shift,768,1.0,False,25,-0.051928165897092454,0.02098048688748224,0.0,"[0.0, 0.13319225093904846]",500.0,PROSPECTIVE_PLANNING_ONLY_NEW_STUDY_REQUIRED,True,True,True,False
symmetric_multimodal_shift,768,2.0,False,25,-0.07357902017445786,0.011040581040463744,0.0,"[0.0, 0.13319225093904846]",500.0,PROSPECTIVE_PLANNING_ONLY_NEW_STUDY_REQUIRED,True,True,True,False
mode_dropping,768,0.125,False,25,-0.00774874983087704,0.009718061018509411,0.0,"[0.0, 0.13319225093904846]",500.0,PROSPECTIVE_PLANNING_ONLY_NEW_STUDY_REQUIRED,True,True,True,False
mode_dropping,768,0.25,False,25,-0.025414859680993964,0.015308091848550616,0.0,"[0.0, 0.13319225093904846]",500.0,PROSPECTIVE_PLANNING_ONLY_NEW_STUDY_REQUIRED,True,True,True,False
mode_dropping,768,0.5,True,25,-0.064437353058736,0.01939969371181137,0.0,"[0.0, 0.13319225093904846]",500.0,FROZEN_CONFIRMATORY_UNCHANGED,True,True,True,False
mode_dropping,768,1.0,False,25,-0.10453004648643788,0.016860189418518252,0.0,"[0.0, 0.13319225093904846]",500.0,PROSPECTIVE_PLANNING_ONLY_NEW_STUDY_REQUIRED,True,True,True,False
mode_dropping,768,2.0,False,25,-0.0793771708077578,0.008161921658814695,0.0,"[0.0, 0.13319225093904846]",500.0,PROSPECTIVE_PLANNING_ONLY_NEW_STUDY_REQUIRED,True,True,True,False
dense_weak_high_dimensional_shift,768,0.125,False,25,-0.0007061437631374464,0.000835106472261914,0.0,"[0.0, 0.13319225093904846]",500.0,PROSPECTIVE_PLANNING_ONLY_NEW_STUDY_REQUIRED,True,True,True,False
dense_weak_high_dimensional_shift,768,0.25,False,25,-0.0010981020611652479,0.0013007947557417939,0.0,"[0.0, 0.13319225093904846]",500.0,PROSPECTIVE_PLANNING_ONLY_NEW_STUDY_REQUIRED,True,True,True,False
dense_weak_high_dimensional_shift,768,0.5,True,25,-0.0013279779266997022,0.0015785185777303285,0.0,"[0.0, 0.13319225093904846]",500.0,FROZEN_CONFIRMATORY_UNCHANGED,True,True,True,False
dense_weak_high_dimensional_shift,768,1.0,False,25,-0.0009717858082732389,0.0011637457689766362,0.0,"[0.0, 0.13319225093904846]",500.0,PROSPECTIVE_PLANNING_ONLY_NEW_STUDY_REQUIRED,True,True,True,False
dense_weak_high_dimensional_shift,768,2.0,False,25,-0.0002609357539194956,0.0003179361541515514,0.0,"[0.0, 0.13319225093904846]",500.0,PROSPECTIVE_PLANNING_ONLY_NEW_STUDY_REQUIRED,True,True,True,False
