benchmark,domain,resolution,recognition_in_literature,reference_data_accessibility,license,download_size,number_of_open_model_sources,released_samples_available,checkpoint_availability,generation_cost,feature_extraction_cost,metric_compatibility,likely_scientific_value,risk,recommended_role,source_anchor,verification_status,evidence_status,claim_allowed
"CIFAR-10","class-conditional natural images","32x32 RGB","high","official archive exists; no accepted local source is currently validated","official page does not state a simple reusable license; legal/release review required","163 MB Python archive on official page; reverify hash and size at acquisition","3 repository-declared checkpoint candidates; source count and licenses not validated","verification_required","adapter metadata exists but no real checkpoint load has passed","low relative tier; planning_only","low relative tier; planning_only","compatible only with the disjoint-pair bounded RBF-MMD protocol after extractor and cache gates pass","high as a gate-opening low-resolution pilot; insufficient alone for a paper","reference missing; checkpoint loadability and licenses unverified; limited domain and resolution","mandatory first execution family and minimum-study low-resolution family; never the sole paper benchmark","https://www.cs.toronto.edu/~kriz/cifar.html","official archive facts source-checked; all local provenance and model facts still verification_required","planning_only; not_empirical_evidence",false
"AFHQ v2","animal faces","512x512 RGB","high within image-to-image and face-generation work","official project provides a download path; local availability not checked","verification_required before download, redistribution, or release","verification_required","not counted; every source and revision must be registered before analysis","verification_required","official project exposes at least one model family, but usable independent generators/checkpoints are not preflighted","medium relative tier; planning_only","medium relative tier; planning_only","potentially compatible for marginal image distributions; exact independent sampling and extractor protocol required","high as a non-human higher-resolution breadth family","license terms, download size, reference capacity, checkpoint comparability, and conditional-generation semantics unresolved","preferred higher-resolution candidate only if feasibility gates pass before any CIFAR result is inspected","https://github.com/clovaai/stargan-v2","dataset existence/resolution source-checked; license, size, sources, and checkpoints verification_required","planning_only; not_empirical_evidence",false
"FFHQ","human face images","128x128 thumbnails or 1024x1024 RGB","high","official repository documents hosted data and a designated validation subset","dataset metadata is CC BY-NC-SA 4.0 and individual images retain source-specific licenses; release review required","official repository lists 1.95 GB thumbnails and 89.1 GB 1024px images; reverify before acquisition","not counted; candidate generators and sample archives verification_required","verification_required","verification_required per exact model, revision, and adapter","medium to high relative tier; planning_only","medium to high relative tier; planning_only","potentially compatible after privacy, split, source, and independent-sampling gates pass","high for higher-resolution breadth","privacy/removal obligations, non-commercial and attribution constraints, source drift, and generator training overlap","fallback higher-resolution family; use only after privacy and redistribution review","https://github.com/NVlabs/ffhq-dataset","official access, size, and license text source-checked; every local artifact and model still verification_required","planning_only; not_empirical_evidence",false
"ImageNet family","class-conditional natural images","64x64 to 256x256 candidate variants","very high","original images require an access request and acceptance of terms","research/educational access terms; redistribution and derivative-artifact review required","verification_required for the exact variant","not counted; checkpoint and sample sources verification_required","verification_required","verification_required; metadata is not a successful load","high relative tier; planning_only","high relative tier; planning_only","potentially compatible only for a prospectively fixed variant, split, extractor, and independent reference stream","very high if legally and computationally feasible","access restrictions, scale, checkpoint provenance, training overlap, and release constraints","maximum-ceiling stress family only; not part of the minimum program unless inputs already exist and pass legal review","https://image-net.org/accessagreement","access restrictions source-checked; variant size, sources, samples, and checkpoints verification_required","planning_only; not_empirical_evidence",false
"LSUN category","scene images","benchmark/category specific","medium to high","current official source and stable access path not validated in this audit","verification_required","verification_required","not counted; verification_required","verification_required","verification_required","medium to high relative tier; planning_only","medium to high relative tier; planning_only","potentially compatible after exact category, source, split, and sampling contract is frozen","medium; useful scene-domain breadth if provenance is recoverable","source stability, license, category drift, and model comparability unresolved","reserve candidate only; do not select to rescue a weak result","verification_required official primary source","not source-validated in this pass","planning_only; not_empirical_evidence",false
"MS-COCO reference plus a fixed public prompt distribution","text-to-image","variable; must be locked","very high","images/captions and prompt sources are public-facing, but exact terms and local packages require review","mixed image, annotation, and prompt terms; verification_required for each artifact","verification_required","not counted; current open model sources must be frozen prospectively","verification_required","verification_required per model, revision, scheduler, and authentication requirement","high relative tier; planning_only","high relative tier; planning_only","not currently claim-capable for a shared-prompt conditional design; an IID marginal protocol or new conditional-stream proof is required","very high for domain generalization and modern relevance","conditional dependence, prompt reuse, human-image rights, model drift, and large compute","maximum-ceiling lane after a formal estimand and dependence repair; descriptive only under the current shared-prompt idea","https://cocodataset.org/ ; https://github.com/google-research/parti","public prompt availability source-checked; exact COCO package, licenses, model sources, and conditional theory verification_required","planning_only; not_empirical_evidence",false
"PartiPrompts without a reference-image population","text-to-image prompts","not applicable","high","public TSV exists","repository and prompt-license verification_required before redistribution","small prompt file expected but exact size verification_required","not counted; verification_required","not applicable unless model outputs are separately sourced","verification_required","high relative tier; planning_only","medium relative tier; planning_only","incompatible with the current discrepancy-to-reference estimand by itself","useful for descriptive prompt stress tests, not for the current certificate claim","no declared reference distribution; conditional dependence and prompt reuse unresolved","descriptive reserve only; cannot substitute for a benchmark/reference population","https://github.com/google-research/parti","prompt set existence source-checked; license and all model/output facts verification_required","planning_only; not_empirical_evidence",false
"Controlled corruption ladder on an accepted reference family","controlled image perturbations","inherits accepted benchmark","recognized validation pattern; not real-model breadth","derived locally only after an accepted immutable reference package exists","inherits source restrictions; derivative-release review required","incremental; planning_only and not benchmark evidence","not applicable","generated deterministically from independent base rows","not applicable","low relative tier; planning_only","low relative tier; planning_only","compatible when each stream unit uses disjoint independent base rows and corruption parameters are fixed before inspection","high for null, obvious-gap, direction, and sensitivity validation; zero value as model-ranking evidence","leakage if severities are tuned after results or the same base image is reused across roles","mandatory controlled-validation family; explicitly sanity_artifact, never real-model evidence","local deterministic transform specification required","transform, seed, base-row disjointness, and lineage verification_required","planning_only; not_empirical_evidence",false
"Provenance-complete released sample archives on a recognized benchmark","archive-driven generative evaluation","source specific","depends on selected benchmark and models","preferred when immutable archives, manifests, and source papers are available","verification_required per archive and each included image","verification_required per archive","not counted; the registry must freeze every archive rather than estimate a count","candidate advantage, but none accepted yet","not applicable if complete samples exist; otherwise verification_required","low if samples are accepted; planning_only","medium relative tier; planning_only","potentially compatible after sample identity, independence, model, reference, and extractor gates pass","very high because it avoids retraining and reduces checkpoint drift","archives may be cherry-picked, partial, non-independent, or non-redistributable","preferred acquisition strategy for the maximum-ceiling audit, conditional on full provenance","required primary paper/model release URL per row","no archive is accepted by this matrix","planning_only; not_empirical_evidence",false
