ablation_id,interpolation,antialias,spatial_policy,pixel_normalization,feature_l2,metric_dtype,preprocessing_hash,registered_ablation_only,confirmatory_protocol_mutated,planning_only,claim_allowed
preprocess_000,bilinear,True,center_crop,extractor_default,True,float32,c6e5c8d09588d8b1c29e73a91e0c0254d4ae6ccca63c8d5b5390fd45dc0d8b18,True,False,True,False
preprocess_001,bilinear,True,center_crop,extractor_default,True,float64,e0e2938d45fe28771fedcc320d93dcdd15469dfe03b8f33904a3270edec736dc,True,False,True,False
preprocess_002,bilinear,True,center_crop,extractor_default,False,float32,09d16b349d6bafce90b69ce182668fff322c117fc5760f85295fe2120f8383b0,True,False,True,False
preprocess_003,bilinear,True,center_crop,extractor_default,False,float64,2add82e2f882fc7c50a2d8bb1c76d6cdd45322b78de32a60964854a392347ba2,True,False,True,False
preprocess_004,bilinear,True,center_crop,unit_interval,True,float32,b5b0491fe8c5ca3196b91fb39b6094d9e1e4e9ebe3c5e19308857882d4db5428,True,False,True,False
preprocess_005,bilinear,True,center_crop,unit_interval,True,float64,a2b00aaf97331ec630cea11c594b35ea413bca76b1007e54a143b8c4b475bbed,True,False,True,False
preprocess_006,bilinear,True,center_crop,unit_interval,False,float32,8ffc6fffee27ed67bf27b9f97c52b9b06f470dbc64343405a8d1c6905afd808a,True,False,True,False
preprocess_007,bilinear,True,center_crop,unit_interval,False,float64,8be8a8645b6eb79bd56c9b25aa0f930662582518aa12ce118fb3ef84819681ad,True,False,True,False
preprocess_008,bilinear,True,center_crop,minus_one_to_one,True,float32,d070a64d84cf08a6d8edf463af65bd9d7fa2ce5fb78a448759566a18cf96267e,True,False,True,False
preprocess_009,bilinear,True,center_crop,minus_one_to_one,True,float64,b87ee6380b4e0acf46a388075714fbfd3583f7bb2a3e6d48e8eb998cd8003c99,True,False,True,False
preprocess_010,bilinear,True,center_crop,minus_one_to_one,False,float32,64ac66a395d2181e1180662b2f869b391c7cd027e2ed3e2047b52024f653b083,True,False,True,False
preprocess_011,bilinear,True,center_crop,minus_one_to_one,False,float64,bf21f34c7f461756910be9e7bea703c2e2cad745ae11b201b29a91b0a02a6f3e,True,False,True,False
preprocess_012,bilinear,True,resize_only,extractor_default,True,float32,28518b417ef346c3182e03eaa685f5494857a52cd291a9bbe15e8bdb559240a5,True,False,True,False
preprocess_013,bilinear,True,resize_only,extractor_default,True,float64,49c795f367489963eb7b1f05482250987611472e352aefc481c43836fc4a0e4b,True,False,True,False
preprocess_014,bilinear,True,resize_only,extractor_default,False,float32,ea578a0cd9036d1090d16c7bc2e57368c29a00ba136588cf1ebb2d0acceadb73,True,False,True,False
preprocess_015,bilinear,True,resize_only,extractor_default,False,float64,eebadb4756e9a44eb85a7892c6e7bf61665d05a6cb1e57f2e7ba12fdff32cabd,True,False,True,False
preprocess_016,bilinear,True,resize_only,unit_interval,True,float32,4e7512294c3f29fe050aec1d1ca8a54d6c4ac2778bea456fb24dddba151d9c63,True,False,True,False
preprocess_017,bilinear,True,resize_only,unit_interval,True,float64,1e574259e958611fea3b1f075596371e0810fad418a5f25c620a5e3458a419f1,True,False,True,False
preprocess_018,bilinear,True,resize_only,unit_interval,False,float32,97ce08995d67bb5eca88da6ba0b38f0e9a5930dc7624132ce68da742fc719cee,True,False,True,False
preprocess_019,bilinear,True,resize_only,unit_interval,False,float64,a67114a0dc0812e74aedfe1765739d401f0cece706a8cde587155119d43cc045,True,False,True,False
preprocess_020,bilinear,True,resize_only,minus_one_to_one,True,float32,bc58fe08bcb682b2f32a349a0d1e9ffcdb92e7ab94c02ae2c39e46cdfb0d01c9,True,False,True,False
preprocess_021,bilinear,True,resize_only,minus_one_to_one,True,float64,7a705be6ea8476dbfda3ef2050f48ce18340cd4b8d2ff2797d71fabd32f9ec44,True,False,True,False
preprocess_022,bilinear,True,resize_only,minus_one_to_one,False,float32,e6556ddcb659ec0a36e88f009ec7cd27351254377495771c848d18ac01d59c54,True,False,True,False
preprocess_023,bilinear,True,resize_only,minus_one_to_one,False,float64,9de7af2c58b297e22152207080096a181593846785fb7150597491359e8dd67b,True,False,True,False
preprocess_024,bilinear,False,center_crop,extractor_default,True,float32,22a98801af9c314895f7bbf7ae2975a9cdf3f8cc4bb5e49322bd9651928c8e67,True,False,True,False
preprocess_025,bilinear,False,center_crop,extractor_default,True,float64,38e37b020938197f4df4aac226729056881b7e4c5f7c5cc1a832f8d0f6e63147,True,False,True,False
preprocess_026,bilinear,False,center_crop,extractor_default,False,float32,463a2c25abaace279d55ee9c6302259626dba2e7f48f2e0cccb9530dd5b439e3,True,False,True,False
preprocess_027,bilinear,False,center_crop,extractor_default,False,float64,b2b554d772fc648de8647e8854b9277de31c7e929678973b82aaecbf96cd4137,True,False,True,False
preprocess_028,bilinear,False,center_crop,unit_interval,True,float32,ae6980a2f77964cf5506d112e54a280bb1993aac17212d511bea0c15da883e91,True,False,True,False
preprocess_029,bilinear,False,center_crop,unit_interval,True,float64,1512762036d81995b6233996f0889d94ded9301baf6cea1d5cb588ae160e40ee,True,False,True,False
preprocess_030,bilinear,False,center_crop,unit_interval,False,float32,2b9a08b83e6cbc7bcfa0681589b333aba1fa58f24725e02d979d4718ce65b057,True,False,True,False
preprocess_031,bilinear,False,center_crop,unit_interval,False,float64,65b01cb928712b45439b29981b59f2559a961e6ebabcfde1e5489d037e7b8ee6,True,False,True,False
preprocess_032,bilinear,False,center_crop,minus_one_to_one,True,float32,b1313afcde510320c6a1ce3842b66d497d27d93280dde5fed9fcf34edc64f824,True,False,True,False
preprocess_033,bilinear,False,center_crop,minus_one_to_one,True,float64,89edb7045c9e689cb36fa8e584e63e8facbefcd233dd8bc7ca416a396a7e46c3,True,False,True,False
preprocess_034,bilinear,False,center_crop,minus_one_to_one,False,float32,7c5bbe0ed80e9578e4cf013fe4e70d91625558c9bf27a7c07349f30d930fedfb,True,False,True,False
preprocess_035,bilinear,False,center_crop,minus_one_to_one,False,float64,5ce3ee4b1b2a50cf3c9eea1a3b138a6ffa671391cede5f2e773147dd484f3a82,True,False,True,False
preprocess_036,bilinear,False,resize_only,extractor_default,True,float32,1f6efbac589c00c224907a537566c0f7795e92f739932a36aa7e6d35bcb2eda0,True,False,True,False
preprocess_037,bilinear,False,resize_only,extractor_default,True,float64,3b4df5372550dd28cbf33638ad368fde2751122adf4f510e8a1938d70284f0fc,True,False,True,False
preprocess_038,bilinear,False,resize_only,extractor_default,False,float32,d368e2576e774355642ae9f01b02b2fc734a0450d1c970f82296f82ff3bd6d26,True,False,True,False
preprocess_039,bilinear,False,resize_only,extractor_default,False,float64,76beedaaeef3c705c45273d2bb48043f635e7307f5e0bfcb3f403c8c4bd8a12b,True,False,True,False
preprocess_040,bilinear,False,resize_only,unit_interval,True,float32,df8a36f06f60d3cd0408887e547d316dfebc3483ea34ccbc33d2f36b9e4916af,True,False,True,False
preprocess_041,bilinear,False,resize_only,unit_interval,True,float64,ca32d201fc9a2e50a801a960272be8ee812c3241cc29a76d113c18c36fc0693c,True,False,True,False
preprocess_042,bilinear,False,resize_only,unit_interval,False,float32,31abf14bea5c806e277aa17f274b7d89ac5f894313f5dfff629f1eda3c328786,True,False,True,False
preprocess_043,bilinear,False,resize_only,unit_interval,False,float64,9c743532c4973366ec77d2b32f7cce95bd3ae062699ff1efa9d475e3c86b7d3a,True,False,True,False
preprocess_044,bilinear,False,resize_only,minus_one_to_one,True,float32,2dfaa4f1b850d12defdf8f6fc15d274f0c4e2b3a98167a4b1c2cd8d860ee9652,True,False,True,False
preprocess_045,bilinear,False,resize_only,minus_one_to_one,True,float64,4b769fff583c3d40e01a108e343ee4ef71be5dbe4efd579ddcfe2a8acba20167,True,False,True,False
preprocess_046,bilinear,False,resize_only,minus_one_to_one,False,float32,2decc7d1c69bea61d261bfd1b59c348d5402f3505dcb68444867da70d85f87e2,True,False,True,False
preprocess_047,bilinear,False,resize_only,minus_one_to_one,False,float64,205bddc4ae4664aca075d90d8b7aa2190227b204809ebd19292331155ddd6ef5,True,False,True,False
preprocess_048,bicubic,True,center_crop,extractor_default,True,float32,9bcc082089548b108b13c61f52c02c997ed7e00322a065da9343bca5cf51c1ea,True,False,True,False
preprocess_049,bicubic,True,center_crop,extractor_default,True,float64,c805f1f71bb631db4cab8b88e3b3a95302fdacf2e7a38867ceb59aff3db23d92,True,False,True,False
preprocess_050,bicubic,True,center_crop,extractor_default,False,float32,ffb81b8dc7c767a07aac70e0e2a80f6ece6e402ac1470dcfb3b29a411b4bd425,True,False,True,False
preprocess_051,bicubic,True,center_crop,extractor_default,False,float64,e01d287708dc6aba314ec6c65047e091121ac8a559025328711b9d2b9099968f,True,False,True,False
preprocess_052,bicubic,True,center_crop,unit_interval,True,float32,8042b04e259aae6b356879c02894e30685ac1bce3b6063d986561124eab6be44,True,False,True,False
preprocess_053,bicubic,True,center_crop,unit_interval,True,float64,2e123e534e6fcb55c2d361a49af573c0f7f33862da7f4a7ba9029c2e3133a093,True,False,True,False
preprocess_054,bicubic,True,center_crop,unit_interval,False,float32,254e57bbb11f2952d0eaffa5362ae95843290d4f56a7c50cfa51163bbfed0103,True,False,True,False
preprocess_055,bicubic,True,center_crop,unit_interval,False,float64,a43244bd74ef19efb7885d77f564140d5a3fb58880df1c1bedf9f556dab80495,True,False,True,False
preprocess_056,bicubic,True,center_crop,minus_one_to_one,True,float32,57eb9d45b3cbdba5434364a1e4600f46e8a7ca107aa3a55cec37d5721f905abc,True,False,True,False
preprocess_057,bicubic,True,center_crop,minus_one_to_one,True,float64,2fd0a8f42821b32cbda356a598fcf6e60b6891689a1838a7432c971bc8989c5c,True,False,True,False
preprocess_058,bicubic,True,center_crop,minus_one_to_one,False,float32,1b4e20f92fcfd0ae548f6b23fdadc73c449118ae00ef41be3b65e4cba6189b00,True,False,True,False
preprocess_059,bicubic,True,center_crop,minus_one_to_one,False,float64,cd442a965d4800e35b1e210189a1adb00f5421a6486e93db138f4f1df7bd3f16,True,False,True,False
preprocess_060,bicubic,True,resize_only,extractor_default,True,float32,e918b1b063cc59780e6f6e5a379c984e2597169370797788768da6af03ba5ee8,True,False,True,False
preprocess_061,bicubic,True,resize_only,extractor_default,True,float64,1bf8e85bbd67af1829563518c512d4ad73f47281b81bd163fa2e7b6f8cb3f39b,True,False,True,False
preprocess_062,bicubic,True,resize_only,extractor_default,False,float32,e493aa23f8dedcb8419d24da2bbd9d3fcf3b10ba95376fb8949fc619ed317cc0,True,False,True,False
preprocess_063,bicubic,True,resize_only,extractor_default,False,float64,60458e5017145760b85415a101fd4d5f88e4dc6ba884f4d9aefe2a71e5a95f41,True,False,True,False
preprocess_064,bicubic,True,resize_only,unit_interval,True,float32,060ef1c4ca9fe64aa09e9b19960070e035a09070570b6e53783bb6c91b579695,True,False,True,False
preprocess_065,bicubic,True,resize_only,unit_interval,True,float64,1b3be91429bf71824ab6bc8fababb598037105152e3ff0cd2ff282b2a0f30508,True,False,True,False
preprocess_066,bicubic,True,resize_only,unit_interval,False,float32,668a28de249b782d13c92f75e3973ffb248b43790dbbead3a683e2ef9ccd038f,True,False,True,False
preprocess_067,bicubic,True,resize_only,unit_interval,False,float64,c35de5f5b6b65daf8535aaddacde3961ca9f52d963346924c32f007e016c4ba8,True,False,True,False
preprocess_068,bicubic,True,resize_only,minus_one_to_one,True,float32,d137042e5586e97628ccc5a113ac7ee0c8c5f130f702eb605cbace3ec9ac7e4d,True,False,True,False
preprocess_069,bicubic,True,resize_only,minus_one_to_one,True,float64,d2a6198502b0a3c6c3bac4c0bd86b8950829ec6e950d5347910259c295aaf026,True,False,True,False
preprocess_070,bicubic,True,resize_only,minus_one_to_one,False,float32,fde88520d8da560359166e0a743ad0369c7e5a46bb68f57c980374eef4027e75,True,False,True,False
preprocess_071,bicubic,True,resize_only,minus_one_to_one,False,float64,f5863d6352ed3190870c8526fd5ce6a205176ec4a7fa127e755c3580523aead0,True,False,True,False
preprocess_072,bicubic,False,center_crop,extractor_default,True,float32,e17a7b300775a1f4a3e421bdf5f6b9926b8f3322a5381984969306eb03980c6e,True,False,True,False
preprocess_073,bicubic,False,center_crop,extractor_default,True,float64,05c4e11cbe5a5a4da5d850761f8141245acc6eee2988793ee62e50e0acbb332b,True,False,True,False
preprocess_074,bicubic,False,center_crop,extractor_default,False,float32,4df7f6a9ca28a7b2d4874a862877f32bb0f1026b4817492d7154d4e014a8ae2c,True,False,True,False
preprocess_075,bicubic,False,center_crop,extractor_default,False,float64,b9cfd4e3bf7d9921f670a783f5b6cfb1a01f5cd5b48ac433e34d7782b1314249,True,False,True,False
preprocess_076,bicubic,False,center_crop,unit_interval,True,float32,52dc457a17a472afe0538c2671dbb9dd701eb285cedae3d27491c1a7bd52f9ca,True,False,True,False
preprocess_077,bicubic,False,center_crop,unit_interval,True,float64,37938944e336a1717ddc89786f8b3e27167408c1d21ee1e916d7761e11ceedd5,True,False,True,False
preprocess_078,bicubic,False,center_crop,unit_interval,False,float32,70b8c91ccf0cbe3cbea8368e297a969ca1ac148ee20be9daae3b8bd246b1b111,True,False,True,False
preprocess_079,bicubic,False,center_crop,unit_interval,False,float64,381a6a5ff3dcb9e62755e390c961c9420b94bb380b9a223b161e61df916c8d9b,True,False,True,False
preprocess_080,bicubic,False,center_crop,minus_one_to_one,True,float32,9e8874d5b07f0b1869db69f37adbcfb045f92e179c9680978ef30346008e8d22,True,False,True,False
preprocess_081,bicubic,False,center_crop,minus_one_to_one,True,float64,9b45ef2c58ba9aafae772bac53df38c09029bde221ea50d688d559c8f201c818,True,False,True,False
preprocess_082,bicubic,False,center_crop,minus_one_to_one,False,float32,a83efb3697e640cddc7b9dd2f800405182e1bc3bfb971ea1e115e40720389af3,True,False,True,False
preprocess_083,bicubic,False,center_crop,minus_one_to_one,False,float64,a6bda3dc6076b40de052f0a64bc1debb7103f2a27c64a728f6058ebc8bcf60f2,True,False,True,False
preprocess_084,bicubic,False,resize_only,extractor_default,True,float32,01e430bd3ac580f8ba0148c50f2d05e75d9ab44a33b636dd817d4585d0922ad2,True,False,True,False
preprocess_085,bicubic,False,resize_only,extractor_default,True,float64,ae433a6ff8fe59fff93c8175b73592301ec3109aa26a1397bc097be817435a14,True,False,True,False
preprocess_086,bicubic,False,resize_only,extractor_default,False,float32,77f97e184347d0fc80e395a46fb9f7484d711c9066e7867b6ee2e35a499cc22e,True,False,True,False
preprocess_087,bicubic,False,resize_only,extractor_default,False,float64,452102d8ada4826ddf82e1015710491a05d394bf8976dc48172203e1516ffa21,True,False,True,False
preprocess_088,bicubic,False,resize_only,unit_interval,True,float32,841b11ff90676c74437b57606950bca6f72d90088081ec7dae61d906de4440db,True,False,True,False
preprocess_089,bicubic,False,resize_only,unit_interval,True,float64,b2067686e363acc913f6104627e7cafb47207478288a2cc7ea3f60b0e7a286e5,True,False,True,False
preprocess_090,bicubic,False,resize_only,unit_interval,False,float32,5ad12ffcf1ccde9b4d3c2b6f1b0dac9c6db67d0cd8821939ab01aa3765eec788,True,False,True,False
preprocess_091,bicubic,False,resize_only,unit_interval,False,float64,80fdf445cd423600996df367f3e7705025311ceeca9751b39b0790c5f7e7fe69,True,False,True,False
preprocess_092,bicubic,False,resize_only,minus_one_to_one,True,float32,37aaef3a58545447be4f2c15e8e9cf9dba3c4b203c3ae52a725a95b2930f706f,True,False,True,False
preprocess_093,bicubic,False,resize_only,minus_one_to_one,True,float64,6e3ccdf8c61b11bbf7e8b00d3c5c5f38fe46f7eb6ba508e583df08d56d5e036c,True,False,True,False
preprocess_094,bicubic,False,resize_only,minus_one_to_one,False,float32,6208158177137eb9f33ebf41e790c9582a801477e05e5fb45deac3fe5cad3adf,True,False,True,False
preprocess_095,bicubic,False,resize_only,minus_one_to_one,False,float64,59cf79d3c4cb4e061861c414adafe9fdea71d531c8ea274c55f7d0c023e2c5ec,True,False,True,False
